track_id,title,album_name,composer,composer_eval,audio_s3_key,wav_path,valence,arousal,energetic,tense,calm,lyrical,review_flag,review_corrected_tags,review_notes
6,Prelude A L'Unisson,"Live from Walt Disney Concert Hall - July 26, 2008",George Enesco,george enescu,Live-from-Walt-Disney-Concert-Hall-July-26-2008/01-Prelude_A_L'unisson.m4a,/Users/keita-katsumi/Dropbox/Academic/CalPolyPomona/Thesis/CPP-graduate-thesis/CS6960/src/pseudo-tag/data/wav/track_6_Prelude_A_L_Unisson.wav,0.261,0.3473,0,1,1,0,,,
7,"Concerto For 2 Violins And Strings, Op. 77: I. Allegro Risoluto","Live from Walt Disney Concert Hall - July 26, 2008",Malcolm Arnold,malcolm arnold,Live-from-Walt-Disney-Concert-Hall-July-26-2008/02-Concerto_For_2_Violins_And_Strings_Op_77_Allegro_Risoluto.m4a,/Users/keita-katsumi/Dropbox/Academic/CalPolyPomona/Thesis/CPP-graduate-thesis/CS6960/src/pseudo-tag/data/wav/track_7_Concerto_For_2_Violins_And_Strings__Op__77__I__Allegro_Risoluto.wav,0.437,0.48,1,0,0,0,,,
8,"Concerto For 2 Violins And Strings, Op. 77: II. Andantino","Live from Walt Disney Concert Hall - July 26, 2008",Malcolm Arnold,malcolm arnold,Live-from-Walt-Disney-Concert-Hall-July-26-2008/03-Concerto_For_2_Violins_And_Strings_Op_77_Andantino.m4a,/Users/keita-katsumi/Dropbox/Academic/CalPolyPomona/Thesis/CPP-graduate-thesis/CS6960/src/pseudo-tag/data/wav/track_8_Concerto_For_2_Violins_And_Strings__Op__77__II__Andantino.wav,0.2878,0.3418,0,1,1,0,,,
9,"Concerto For 2 Violins And Strings, Op. 77: III. Vivace","Live from Walt Disney Concert Hall - July 26, 2008",Malcolm Arnold,malcolm arnold,Live-from-Walt-Disney-Concert-Hall-July-26-2008/04-Concerto_For_2_Violins_And_Strings_Op_77_Vivace.m4a,/Users/keita-katsumi/Dropbox/Academic/CalPolyPomona/Thesis/CPP-graduate-thesis/CS6960/src/pseudo-tag/data/wav/track_9_Concerto_For_2_Violins_And_Strings__Op__77__III__Vivace.wav,0.4856,0.5371,1,0,0,0,,,
10,Tango Jalousie,"Live from Walt Disney Concert Hall - July 26, 2008",Jacob Gade,jacob gade,Live-from-Walt-Disney-Concert-Hall-July-26-2008/05-Tango_Jalousie.m4a,/Users/keita-katsumi/Dropbox/Academic/CalPolyPomona/Thesis/CPP-graduate-thesis/CS6960/src/pseudo-tag/data/wav/track_10_Tango_Jalousie.wav,0.3897,0.4683,1,0,0,0,,,
11,"Serenade For Strings In G Minor, Op. 27a: I. Un Poco Andante - Allegro Molto Et Agitato","Live from Walt Disney Concert Hall - July 26, 2008",Edvard Greig,edvard grieg,Live-from-Walt-Disney-Concert-Hall-July-26-2008/06-Serenade_For_Strings_In_G_Minor_Op_27a_Un_Poco_Andante_Allegro_Molto_Et_Agitato.m4a,/Users/keita-katsumi/Dropbox/Academic/CalPolyPomona/Thesis/CPP-graduate-thesis/CS6960/src/pseudo-tag/data/wav/track_11_Serenade_For_Strings_In_G_Minor__Op__27a__I__Un_Poco_Andante_-_Allegro_Molto_Et.wav,0.4058,0.4189,1,0,0,0,,,
12,"Serenade For Strings In G Minor, Op. 27a: II. Romanze: Andantino","Live from Walt Disney Concert Hall - July 26, 2008",Edvard Greig,edvard grieg,Live-from-Walt-Disney-Concert-Hall-July-26-2008/07-Serenade_For_Strings_In_G_Minor_Op_27a_Romanze_Andantino.m4a,/Users/keita-katsumi/Dropbox/Academic/CalPolyPomona/Thesis/CPP-graduate-thesis/CS6960/src/pseudo-tag/data/wav/track_12_Serenade_For_Strings_In_G_Minor__Op__27a__II__Romanze__Andantino.wav,0.3541,0.3846,0,1,0,0,,,
13,"Serenade For Strings In G Minor, Op. 27a: III. Intermezzo: Allegro Molto Marcato","Live from Walt Disney Concert Hall - July 26, 2008",Edvard Greig,edvard grieg,Live-from-Walt-Disney-Concert-Hall-July-26-2008/08-Serenade_For_Strings_In_G_Minor_Op_27a_Intermezzo_Allegro_Molto_Marcato.m4a,/Users/keita-katsumi/Dropbox/Academic/CalPolyPomona/Thesis/CPP-graduate-thesis/CS6960/src/pseudo-tag/data/wav/track_13_Serenade_For_Strings_In_G_Minor__Op__27a__III__Intermezzo__Allegro_Molto_Marcato.wav,0.5111,0.4734,1,0,0,0,,,
14,"Serenade For Strings In G Minor, Op. 27a: IV. Finale: Lento-Presto Al Saltarello","Live from Walt Disney Concert Hall - July 26, 2008",Edvard Greig,edvard grieg,Live-from-Walt-Disney-Concert-Hall-July-26-2008/09-Serenade_For_Strings_In_G_Minor_Op_27a_Finale_Lento_Presto_Al_Saltarello.m4a,/Users/keita-katsumi/Dropbox/Academic/CalPolyPomona/Thesis/CPP-graduate-thesis/CS6960/src/pseudo-tag/data/wav/track_14_Serenade_For_Strings_In_G_Minor__Op__27a__IV__Finale__Lento-Presto_Al_Saltarello.wav,0.4674,0.4663,1,0,0,0,,,
15,"Adagio and Fuge in C Minor, KV 546: I. Adagio","Live from Walt Disney Concert Hall - July 24, 2010 (CD1)",W. A. Mozart,wolfgang amadeus mozart,Live-from-Walt-Disney-Concert-Hall-July-24-2010/01-Adagio_and_Fuge_in_C_Minor_KV_546_Adagio.m4a,/Users/keita-katsumi/Dropbox/Academic/CalPolyPomona/Thesis/CPP-graduate-thesis/CS6960/src/pseudo-tag/data/wav/track_15_Adagio_and_Fuge_in_C_Minor__KV_546__I__Adagio.wav,0.3494,0.3673,0,1,0,0,,,
16,"Adagio and Fuge in C Minor, KV 546: II. Fuge","Live from Walt Disney Concert Hall - July 24, 2010 (CD1)",W. A. Mozart,wolfgang amadeus mozart,Live-from-Walt-Disney-Concert-Hall-July-24-2010/02-Adagio_and_Fuge_in_C_Minor_KV_546_Fuge.m4a,/Users/keita-katsumi/Dropbox/Academic/CalPolyPomona/Thesis/CPP-graduate-thesis/CS6960/src/pseudo-tag/data/wav/track_16_Adagio_and_Fuge_in_C_Minor__KV_546__II__Fuge.wav,0.4631,0.4942,1,0,0,0,,,
17,"Piano Concerto No.1 in E Minor, Op. 11: I. Allegro Maestoso","Live from Walt Disney Concert Hall - July 24, 2010 (CD1)",Frédéric Chopin,frederic chopin,Live-from-Walt-Disney-Concert-Hall-July-24-2010/03-Piano_Concerto_No.1_in_E_Minor_Op_11_Allegro_Maestoso.m4a,/Users/keita-katsumi/Dropbox/Academic/CalPolyPomona/Thesis/CPP-graduate-thesis/CS6960/src/pseudo-tag/data/wav/track_17_Piano_Concerto_No_1_in_E_Minor__Op__11__I__Allegro_Maestoso.wav,0.4131,0.3495,0,0,1,0,,,
18,"Piano Concerto No.1 in E Minor, Op. 11: II. Romance - Larghetto","Live from Walt Disney Concert Hall - July 24, 2010 (CD1)",Frédéric Chopin,frederic chopin,Live-from-Walt-Disney-Concert-Hall-July-24-2010/04-Piano_Concerto_No.1_in_E_Minor_Op_11_Romance_Larghetto.m4a,/Users/keita-katsumi/Dropbox/Academic/CalPolyPomona/Thesis/CPP-graduate-thesis/CS6960/src/pseudo-tag/data/wav/track_18_Piano_Concerto_No_1_in_E_Minor__Op__11__II__Romance_-_Larghetto.wav,0.3545,0.2403,0,1,1,0,,,
19,"Piano Concerto No.1 in E Minor, Op. 11: III. Rondo. Vivace","Live from Walt Disney Concert Hall - July 24, 2010 (CD1)",Frédéric Chopin,frederic chopin,Live-from-Walt-Disney-Concert-Hall-July-24-2010/05-Piano_Concerto_No.1_in_E_Minor_Op.11_Rondo_Vivace.m4a,/Users/keita-katsumi/Dropbox/Academic/CalPolyPomona/Thesis/CPP-graduate-thesis/CS6960/src/pseudo-tag/data/wav/track_19_Piano_Concerto_No_1_in_E_Minor__Op__11__III__Rondo__Vivace.wav,0.4903,0.4104,0,0,0,0,,,
20,"In Memoriam Frédéric Chopin For Clarinet, Cello and String Orchestra","Live from Walt Disney Concert Hall - July 24, 2010 (CD2)",Ronald Royer,ronald royer,Live-from-Walt-Disney-Concert-Hall-July-24-2010/01-In_Memoriam_Frederic_Chopin_For_Clarinet_Cello_and_String_Orchestra.m4a,/Users/keita-katsumi/Dropbox/Academic/CalPolyPomona/Thesis/CPP-graduate-thesis/CS6960/src/pseudo-tag/data/wav/track_20_In_Memoriam_Frédéric_Chopin_For_Clarinet__Cello_and_String_Orchestra.wav,0.236,0.2972,0,1,1,0,,,
21,"Cello Concerto in A Minor, Op. 129","Live from Walt Disney Concert Hall - July 24, 2010 (CD2)",Robert Schumann,robert schumann,Live-from-Walt-Disney-Concert-Hall-July-24-2010/02-Cello_Concerto_in_A_Minor_Op_129.m4a,/Users/keita-katsumi/Dropbox/Academic/CalPolyPomona/Thesis/CPP-graduate-thesis/CS6960/src/pseudo-tag/data/wav/track_21_Cello_Concerto_in_A_Minor__Op__129.wav,0.3945,0.4379,1,0,0,0,,,
22,Simple Symphony: I. Boisterous Bourée,"Live from Walt Disney Concert Hall - July 24, 2010 (CD2)",Benjamin Britten,benjamin britten,Live-from-Walt-Disney-Concert-Hall-July-24-2010/03-Simple_Symphony_Boisterous_Bouree.m4a,/Users/keita-katsumi/Dropbox/Academic/CalPolyPomona/Thesis/CPP-graduate-thesis/CS6960/src/pseudo-tag/data/wav/track_22_Simple_Symphony__I__Boisterous_Bourée.wav,0.5017,0.4923,1,0,0,0,,,
23,Simple Symphony: I. Playful Pizzicato,"Live from Walt Disney Concert Hall - July 24, 2010 (CD2)",Benjamin Britten,benjamin britten,Live-from-Walt-Disney-Concert-Hall-July-24-2010/04-Simple_Symphony_Playful_Pizzicato.m4a,/Users/keita-katsumi/Dropbox/Academic/CalPolyPomona/Thesis/CPP-graduate-thesis/CS6960/src/pseudo-tag/data/wav/track_23_Simple_Symphony__I__Playful_Pizzicato.wav,0.424,0.4051,0,0,0,0,,,
24,Simple Symphony: I. Sentimental Serenade,"Live from Walt Disney Concert Hall - July 24, 2010 (CD2)",Benjamin Britten,benjamin britten,Live-from-Walt-Disney-Concert-Hall-July-24-2010/05-Simple_Symphony_Sentimental_Serenade.m4a,/Users/keita-katsumi/Dropbox/Academic/CalPolyPomona/Thesis/CPP-graduate-thesis/CS6960/src/pseudo-tag/data/wav/track_24_Simple_Symphony__I__Sentimental_Serenade.wav,0.3143,0.3325,0,1,1,0,,,
25,Simple Symphony: I. Frolicsome Finale,"Live from Walt Disney Concert Hall - July 24, 2010 (CD2)",Benjamin Britten,benjamin britten,Live-from-Walt-Disney-Concert-Hall-July-24-2010/06-Simple_Symphony_Frolicsome_Finale.m4a,/Users/keita-katsumi/Dropbox/Academic/CalPolyPomona/Thesis/CPP-graduate-thesis/CS6960/src/pseudo-tag/data/wav/track_25_Simple_Symphony__I__Frolicsome_Finale.wav,0.444,0.5017,1,0,0,0,,,
26,"Plink, Plank, Plunk!","Live from Walt Disney Concert Hall - July 24, 2010 (CD2)",Leroy Anderson,leroy anderson,Live-from-Walt-Disney-Concert-Hall-July-24-2010/07-Plink_Plank_Plunk!.m4a,/Users/keita-katsumi/Dropbox/Academic/CalPolyPomona/Thesis/CPP-graduate-thesis/CS6960/src/pseudo-tag/data/wav/track_26_Plink__Plank__Plunk.wav,0.4562,0.4833,1,0,0,0,,,
27,Concerto Grosso,Subliminal (2011),Avner Dorman,avner dorman,Subliminal-2011/01-Concerto_Grosso.m4a,/Users/keita-katsumi/Dropbox/Academic/CalPolyPomona/Thesis/CPP-graduate-thesis/CS6960/src/pseudo-tag/data/wav/track_27_Concerto_Grosso.wav,0.297,0.3361,0,1,1,0,,,
28,Adagio from 10th Symphony in F# minor,Subliminal (2011),Gustav Mahler,gustav mahler,Subliminal-2011/02-Adagio_from_10th_Symphony_in_F_sharp_minor.m4a,/Users/keita-katsumi/Dropbox/Academic/CalPolyPomona/Thesis/CPP-graduate-thesis/CS6960/src/pseudo-tag/data/wav/track_28_Adagio_from_10th_Symphony_in_F__minor.wav,0.2258,0.3195,0,1,1,0,,,
29,Perpetuum Mobile,Subliminal (2011),Carl Bohm,carl bohm,Subliminal-2011/03-Perpetuum_Mobile.m4a,/Users/keita-katsumi/Dropbox/Academic/CalPolyPomona/Thesis/CPP-graduate-thesis/CS6960/src/pseudo-tag/data/wav/track_29_Perpetuum_Mobile.wav,0.489,0.5104,1,0,0,0,,,
30,Passacaglia,iPalpiti Live 2012 (Disc I),"Handel, Lerman",handel lerman,iPalpiti-Live-2012/01-Passacaglia.m4a,/Users/keita-katsumi/Dropbox/Academic/CalPolyPomona/Thesis/CPP-graduate-thesis/CS6960/src/pseudo-tag/data/wav/track_30_Passacaglia.wav,0.4004,0.401,0,0,0,1,,,
31,Prelude From Partita No. 3 BWV 1006,iPalpiti Live 2012 (Disc I),"Bach, Stokowski",bach stokowski,iPalpiti-Live-2012/02-Prelude_From_Partita_No.3_BWV_1006.m4a,/Users/keita-katsumi/Dropbox/Academic/CalPolyPomona/Thesis/CPP-graduate-thesis/CS6960/src/pseudo-tag/data/wav/track_31_Prelude_From_Partita_No__3_BWV_1006.wav,0.5473,0.4676,1,0,0,0,,,
32,Devil Trills Sonata On A Theme Of Tartini,iPalpiti Live 2012 (Disc I),Fritz Kreisler,fritz kreisler,iPalpiti-Live-2012/03-Devil_Trills_Sonata_On_A_Theme_Of_Tartini.m4a,/Users/keita-katsumi/Dropbox/Academic/CalPolyPomona/Thesis/CPP-graduate-thesis/CS6960/src/pseudo-tag/data/wav/track_32_Devil_Trills_Sonata_On_A_Theme_Of_Tartini.wav,0.4115,0.4199,1,0,0,0,,,
33,Introduction & Rondo-Capriccioso,iPalpiti Live 2012 (Disc I),Camille Saint-Saëns,camille saint saens,iPalpiti-Live-2012/04-Introduction_and_Rondo_Capriccioso.m4a,/Users/keita-katsumi/Dropbox/Academic/CalPolyPomona/Thesis/CPP-graduate-thesis/CS6960/src/pseudo-tag/data/wav/track_33_Introduction___Rondo-Capriccioso.wav,0.4744,0.4991,1,0,0,0,,,
34,"Verklärte Nacht, Op. 4",iPalpiti Live 2012 (Disc II),Arnold Schoenberg,arnold schoenberg,iPalpiti-Live-2012/01-Verklarte_Nacht_Op.4.m4a,/Users/keita-katsumi/Dropbox/Academic/CalPolyPomona/Thesis/CPP-graduate-thesis/CS6960/src/pseudo-tag/data/wav/track_34_Verklärte_Nacht__Op__4.wav,0.2855,0.3599,0,1,0,0,,,
35,"Minimax ""Repertorium Für Militärmusik"": I. Army March 606 ""Der Hohenfürstenberger""",iPalpiti Live 2012 (Disc II),Arnold Schoenberg,arnold schoenberg,iPalpiti-Live-2012/02-Minimax_Repertorium_Fur_Militarmusik_I.m4a,/Users/keita-katsumi/Dropbox/Academic/CalPolyPomona/Thesis/CPP-graduate-thesis/CS6960/src/pseudo-tag/data/wav/track_35_Minimax__Repertorium_Für_Militärmusik___I__Army_March_606__Der_Hohenfürstenberge.wav,0.5366,0.4634,1,0,0,0,,,
36,"Minimax ""Repertorium Für Militärmusik"": II. Overture To ""Wasserdichter Und Vogelbauer""",iPalpiti Live 2012 (Disc II),Arnold Schoenberg,arnold schoenberg,iPalpiti-Live-2012/03-Minimax_Repertorium_Fur_Militarmusik_II.m4a,/Users/keita-katsumi/Dropbox/Academic/CalPolyPomona/Thesis/CPP-graduate-thesis/CS6960/src/pseudo-tag/data/wav/track_36_Minimax__Repertorium_Für_Militärmusik___II__Overture_To__Wasserdichter_Und_Vogel.wav,0.4954,0.491,1,0,0,0,,,
37,"Minimax ""Repertorium Für Militärmusik"": III. ""Ein Aben An Der Donauguelle""",iPalpiti Live 2012 (Disc II),Arnold Schoenberg,arnold schoenberg,iPalpiti-Live-2012/04-Minimax_Repertorium_Fur_Militarmusik_III.m4a,/Users/keita-katsumi/Dropbox/Academic/CalPolyPomona/Thesis/CPP-graduate-thesis/CS6960/src/pseudo-tag/data/wav/track_37_Minimax__Repertorium_Für_Militärmusik___III___Ein_Aben_An_Der_Donauguelle.wav,0.2912,0.3109,0,1,1,0,,,
38,"Minimax ""Repertorium Für Militärmusik"": IV. ""Löwenzähnchen An Baches Rand""",iPalpiti Live 2012 (Disc II),Arnold Schoenberg,arnold schoenberg,iPalpiti-Live-2012/05-Minimax_Repertorium_Fur_Militarmusik_IV.m4a,/Users/keita-katsumi/Dropbox/Academic/CalPolyPomona/Thesis/CPP-graduate-thesis/CS6960/src/pseudo-tag/data/wav/track_38_Minimax__Repertorium_Für_Militärmusik___IV___Löwenzähnchen_An_Baches_Rand.wav,0.3836,0.3853,0,0,0,1,,,
39,"Minimax ""Repertorium Für Militärmusik"": V. ""Die Beiden Lustigen Mistfinken""",iPalpiti Live 2012 (Disc II),Arnold Schoenberg,arnold schoenberg,iPalpiti-Live-2012/06-Minimax_Repertorium_Fur_Militarmusik_V.m4a,/Users/keita-katsumi/Dropbox/Academic/CalPolyPomona/Thesis/CPP-graduate-thesis/CS6960/src/pseudo-tag/data/wav/track_39_Minimax__Repertorium_Für_Militärmusik___V___Die_Beiden_Lustigen_Mistfinken.wav,0.28,0.3773,0,1,0,0,,,
40,"Minimax ""Repertorium Für Militärmusik"": VI. ""Alte Karbonaden""",iPalpiti Live 2012 (Disc II),Arnold Schoenberg,arnold schoenberg,iPalpiti-Live-2012/07-Minimax_Repertorium_Fur_Militarmusik_VI.m4a,/Users/keita-katsumi/Dropbox/Academic/CalPolyPomona/Thesis/CPP-graduate-thesis/CS6960/src/pseudo-tag/data/wav/track_40_Minimax__Repertorium_Für_Militärmusik___VI___Alte_Karbonaden.wav,0.4413,0.4792,1,0,0,0,,,
41,Perpetuum Mobile,iPalpiti Live 2012 (Disc II),Carl Bohm,carl bohm,iPalpiti-Live-2012/08-Perpetuum_Mobile.m4a,/Users/keita-katsumi/Dropbox/Academic/CalPolyPomona/Thesis/CPP-graduate-thesis/CS6960/src/pseudo-tag/data/wav/track_41_Perpetuum_Mobile.wav,0.4885,0.5017,1,0,0,0,,,
42,"Orchestral Suite No. 2, BWV 1067: VII. Badinerie",iPalpiti Live 2012 (Disc II),J. S. Bach,johann sebastian bach,iPalpiti-Live-2012/09-Orchestral_Suite_No.2_BWV_1067_Badinerie.m4a,/Users/keita-katsumi/Dropbox/Academic/CalPolyPomona/Thesis/CPP-graduate-thesis/CS6960/src/pseudo-tag/data/wav/track_42_Orchestral_Suite_No__2__BWV_1067__VII__Badinerie.wav,0.49,0.591,1,0,0,0,,,
43,To A Wild Rose,iPalpiti Live 2012 (Disc II),Edward MacDowell,edward macdowell,iPalpiti-Live-2012/10-To_A_Wild_Rose.m4a,/Users/keita-katsumi/Dropbox/Academic/CalPolyPomona/Thesis/CPP-graduate-thesis/CS6960/src/pseudo-tag/data/wav/track_43_To_A_Wild_Rose.wav,0.3481,0.3878,0,1,0,0,,,
53,"Concerto In E Major ""Spring"", Op. 8 No. 1: 1. Allegro",THE SEASONS (Disc One),Antonio Vivaldi,antonio vivaldi,THE-SEASONS/01-Concerto_In_E_Major_Spring_Op8_No1_1Allegro.m4a,/Users/keita-katsumi/Dropbox/Academic/CalPolyPomona/Thesis/CPP-graduate-thesis/CS6960/src/pseudo-tag/data/wav/track_53_Concerto_In_E_Major__Spring___Op__8_No__1__1__Allegro.wav,0.4605,0.3623,0,0,0,0,,,
54,"Concerto In E Major ""Spring"", Op. 8 No. 1: 2. Largo",THE SEASONS (Disc One),Antonio Vivaldi,antonio vivaldi,THE-SEASONS/02-Concerto_In_E_Major_Spring_Op8_No1_2Largo.m4a,/Users/keita-katsumi/Dropbox/Academic/CalPolyPomona/Thesis/CPP-graduate-thesis/CS6960/src/pseudo-tag/data/wav/track_54_Concerto_In_E_Major__Spring___Op__8_No__1__2__Largo.wav,0.3017,0.2409,0,1,1,0,,,
55,"Concerto In E Major ""Spring"", Op. 8 No. 1: 3. Allegro",THE SEASONS (Disc One),Antonio Vivaldi,antonio vivaldi,THE-SEASONS/03-Concerto_In_E_Major_Spring_Op8_No1_3Allegro.m4a,/Users/keita-katsumi/Dropbox/Academic/CalPolyPomona/Thesis/CPP-graduate-thesis/CS6960/src/pseudo-tag/data/wav/track_55_Concerto_In_E_Major__Spring___Op__8_No__1__3__Allegro.wav,0.4255,0.3612,0,0,0,0,,,
56,"Concerto In G Minor ""Summer"", Op. 8 No. 2: 1. Allegro Non Molto",THE SEASONS (Disc One),Antonio Vivaldi,antonio vivaldi,THE-SEASONS/04-Concerto_In_G_Minor_Summer_Op8_No2_1Allegro_Non_Molto.m4a,/Users/keita-katsumi/Dropbox/Academic/CalPolyPomona/Thesis/CPP-graduate-thesis/CS6960/src/pseudo-tag/data/wav/track_56_Concerto_In_G_Minor__Summer___Op__8_No__2__1__Allegro_Non_Molto.wav,0.4119,0.4223,1,0,0,0,,,
57,"Concerto In G Minor ""Summer"", Op. 8 No. 2: 2. Adagio",THE SEASONS (Disc One),Antonio Vivaldi,antonio vivaldi,THE-SEASONS/05-Concerto_In_G_Minor_Summer_Op8_No2_2Adagio.m4a,/Users/keita-katsumi/Dropbox/Academic/CalPolyPomona/Thesis/CPP-graduate-thesis/CS6960/src/pseudo-tag/data/wav/track_57_Concerto_In_G_Minor__Summer___Op__8_No__2__2__Adagio.wav,0.2894,0.3375,0,1,1,0,,,
58,"Concerto In G Minor ""Summer"", Op. 8 No. 2: 3. Presto",THE SEASONS (Disc One),Antonio Vivaldi,antonio vivaldi,THE-SEASONS/06-Concerto_In_G_Minor_Summer_Op8_No2_3Presto.m4a,/Users/keita-katsumi/Dropbox/Academic/CalPolyPomona/Thesis/CPP-graduate-thesis/CS6960/src/pseudo-tag/data/wav/track_58_Concerto_In_G_Minor__Summer___Op__8_No__2__3__Presto.wav,0.5172,0.5193,1,0,0,0,,,
59,"Concerto In F Major ""Autumn"", Op. 8 No. 3: 1. Allegro",THE SEASONS (Disc One),Antonio Vivaldi,antonio vivaldi,THE-SEASONS/07-Concerto_In_F_Major_Autumn_Op8_No3_1Allegro.m4a,/Users/keita-katsumi/Dropbox/Academic/CalPolyPomona/Thesis/CPP-graduate-thesis/CS6960/src/pseudo-tag/data/wav/track_59_Concerto_In_F_Major__Autumn___Op__8_No__3__1__Allegro.wav,0.4992,0.4095,0,0,0,0,,,
60,"Concerto In F Major ""Autumn"", Op. 8 No. 3: 2. Adagio Molto",THE SEASONS (Disc One),Antonio Vivaldi,antonio vivaldi,THE-SEASONS/08-Concerto_In_F_Major_Autumn_Op8_No3_2_Adagio_Molto.m4a,/Users/keita-katsumi/Dropbox/Academic/CalPolyPomona/Thesis/CPP-graduate-thesis/CS6960/src/pseudo-tag/data/wav/track_60_Concerto_In_F_Major__Autumn___Op__8_No__3__2__Adagio_Molto.wav,0.332,0.2818,0,1,1,0,,,
61,"Concerto In F Major ""Autumn"", Op. 8 No. 3: 3. Allegro",THE SEASONS (Disc One),Antonio Vivaldi,antonio vivaldi,THE-SEASONS/09-Concerto_In_F_Major_Autumn_Op8_No3_3Allegro.m4a,/Users/keita-katsumi/Dropbox/Academic/CalPolyPomona/Thesis/CPP-graduate-thesis/CS6960/src/pseudo-tag/data/wav/track_61_Concerto_In_F_Major__Autumn___Op__8_No__3__3__Allegro.wav,0.4744,0.4402,1,0,0,0,,,
62,"Concerto In F Minor ""Winter"", Op. 8 No. 4: 1. Allegro Non Molto",THE SEASONS (Disc One),Antonio Vivaldi,antonio vivaldi,THE-SEASONS/10-Concerto_In_F_Minor_Winter_Op8_No4_1Allegro_Non_Molto.m4a,/Users/keita-katsumi/Dropbox/Academic/CalPolyPomona/Thesis/CPP-graduate-thesis/CS6960/src/pseudo-tag/data/wav/track_62_Concerto_In_F_Minor__Winter___Op__8_No__4__1__Allegro_Non_Molto.wav,0.5054,0.4632,1,0,0,0,,,
63,"Concerto In F Minor ""Winter"", Op. 8 No. 4: 2. Largo",THE SEASONS (Disc One),Antonio Vivaldi,antonio vivaldi,THE-SEASONS/11-Concerto_In_F_Minor_Winter_Op8_No4_2Largo.m4a,/Users/keita-katsumi/Dropbox/Academic/CalPolyPomona/Thesis/CPP-graduate-thesis/CS6960/src/pseudo-tag/data/wav/track_63_Concerto_In_F_Minor__Winter___Op__8_No__4__2__Largo.wav,0.3663,0.2923,0,0,1,0,,,
64,"Concerto In F Minor ""Winter"", Op. 8 No. 4: 3. Allegro",THE SEASONS (Disc One),Antonio Vivaldi,antonio vivaldi,THE-SEASONS/12-Concerto_In_F_Minor_Winter_Op8_No4_3Allegro.m4a,/Users/keita-katsumi/Dropbox/Academic/CalPolyPomona/Thesis/CPP-graduate-thesis/CS6960/src/pseudo-tag/data/wav/track_64_Concerto_In_F_Minor__Winter___Op__8_No__4__3__Allegro.wav,0.4006,0.4218,1,0,0,0,,,
65,Las Cuatro Estaciones Portenas: Verano Porteno,THE SEASONS (Disc One),Astor Piazzolla,astor piazzolla,THE-SEASONS/13-Piazolla_Las_Cuatro_Estaciones_Portenas_Verano_Porteno.m4a,/Users/keita-katsumi/Dropbox/Academic/CalPolyPomona/Thesis/CPP-graduate-thesis/CS6960/src/pseudo-tag/data/wav/track_65_Las_Cuatro_Estaciones_Portenas__Verano_Porteno.wav,0.3529,0.3739,0,1,0,0,,,
66,Las Cuatro Estaciones Portenas: Otono Porteno,THE SEASONS (Disc One),Astor Piazzolla,astor piazzolla,THE-SEASONS/14-Piazolla_Las_Cuatro_Estaciones_Portenas_Otono_Porteno.m4a,/Users/keita-katsumi/Dropbox/Academic/CalPolyPomona/Thesis/CPP-graduate-thesis/CS6960/src/pseudo-tag/data/wav/track_66_Las_Cuatro_Estaciones_Portenas__Otono_Porteno.wav,0.3649,0.4066,0,0,0,0,,,
67,Las Cuatro Estaciones Portenas: Inverno Porteno,THE SEASONS (Disc One),Astor Piazzolla,astor piazzolla,THE-SEASONS/15-Piazolla_Las_Cuatro_Estaciones_Portenas_Inverno_Porteno.m4a,/Users/keita-katsumi/Dropbox/Academic/CalPolyPomona/Thesis/CPP-graduate-thesis/CS6960/src/pseudo-tag/data/wav/track_67_Las_Cuatro_Estaciones_Portenas__Inverno_Porteno.wav,0.3688,0.3473,0,0,1,0,,,
68,Las Cuatro Estaciones Portenas: Primavera Porteno,THE SEASONS (Disc One),Astor Piazzolla,astor piazzolla,THE-SEASONS/16-Piazolla_Las_Cuatro_Estaciones_Portenas_Primavera_Porteno.m4a,/Users/keita-katsumi/Dropbox/Academic/CalPolyPomona/Thesis/CPP-graduate-thesis/CS6960/src/pseudo-tag/data/wav/track_68_Las_Cuatro_Estaciones_Portenas__Primavera_Porteno.wav,0.371,0.3853,0,0,0,1,,,
69,"The Seasons, Op. 37b: October - ""Autumn Song""",THE SEASONS (Disc One),Piotr Tchaikovsky,pyotr ilyich tchaikovsky,THE-SEASONS/17-The_Seasons_Op37b_October_Autumn_Song.m4a,/Users/keita-katsumi/Dropbox/Academic/CalPolyPomona/Thesis/CPP-graduate-thesis/CS6960/src/pseudo-tag/data/wav/track_69_The_Seasons__Op__37b__October_-__Autumn_Song.wav,0.2973,0.313,0,1,1,0,,,
70,Dedication,THE SEASONS (Disc Two),NaN,unknown,THE-SEASONS/01-Dedication.m4a,/Users/keita-katsumi/Dropbox/Academic/CalPolyPomona/Thesis/CPP-graduate-thesis/CS6960/src/pseudo-tag/data/wav/track_70_Dedication.wav,0.1734,0.2642,0,1,1,0,,,
71,Last Round,THE SEASONS (Disc Two),Osvaldo Golijov,osvaldo golijov,THE-SEASONS/02-Last_Round.m4a,/Users/keita-katsumi/Dropbox/Academic/CalPolyPomona/Thesis/CPP-graduate-thesis/CS6960/src/pseudo-tag/data/wav/track_71_Last_Round.wav,0.5212,0.5052,1,0,0,0,,,
72,Deaths Of The Angel,THE SEASONS (Disc Two),Osvaldo Golijov,osvaldo golijov,THE-SEASONS/03-Deaths_Of_The_Angel.m4a,/Users/keita-katsumi/Dropbox/Academic/CalPolyPomona/Thesis/CPP-graduate-thesis/CS6960/src/pseudo-tag/data/wav/track_72_Deaths_Of_The_Angel.wav,0.2949,0.3485,0,1,1,0,,,
86,Concerto No. 2 for Violin with Tabla: I. Blues,Dances & Romances,Jacques Loussier,jacques loussier,Dances-and-Romances/01-Concerto_No2_for_Violin_and_Tabla_I.m4a,/Users/keita-katsumi/Dropbox/Academic/CalPolyPomona/Thesis/CPP-graduate-thesis/CS6960/src/pseudo-tag/data/wav/track_86_Concerto_No__2_for_Violin_with_Tabla__I__Blues.wav,0.5031,0.5229,1,0,0,0,,,
87,Concerto No. 2 for Violin with Tabla: II. Tango,Dances & Romances,Jacques Loussier,jacques loussier,Dances-and-Romances/02-Concerto_No2_for_Violin_and_Tabla_II.m4a,/Users/keita-katsumi/Dropbox/Academic/CalPolyPomona/Thesis/CPP-graduate-thesis/CS6960/src/pseudo-tag/data/wav/track_87_Concerto_No__2_for_Violin_with_Tabla__II__Tango.wav,0.3969,0.417,0,0,0,0,,,
88,Concerto No. 2 for Violin with Tabla: III. Cadenza Hora,Dances & Romances,Jacques Loussier,jacques loussier,Dances-and-Romances/03-Concerto_No2_for_Violin_and_Tabla_III.m4a,/Users/keita-katsumi/Dropbox/Academic/CalPolyPomona/Thesis/CPP-graduate-thesis/CS6960/src/pseudo-tag/data/wav/track_88_Concerto_No__2_for_Violin_with_Tabla__III__Cadenza_Hora.wav,0.5369,0.5541,1,0,0,0,,,
89,Tango Jalousie,Dances & Romances,Jacob Gade,jacob gade,Dances-and-Romances/04-Tango_Jalousie.m4a,/Users/keita-katsumi/Dropbox/Academic/CalPolyPomona/Thesis/CPP-graduate-thesis/CS6960/src/pseudo-tag/data/wav/track_89_Tango_Jalousie.wav,0.3602,0.4267,1,0,0,0,,,
90,"Romanian Folk Dances, Sz. 56: I. Jocul cu Bata",Dances & Romances,Bela Bartok,bela bartok,Dances-and-Romances/05-Romanian_Folk_Dances_Sz56_I.m4a,/Users/keita-katsumi/Dropbox/Academic/CalPolyPomona/Thesis/CPP-graduate-thesis/CS6960/src/pseudo-tag/data/wav/track_90_Romanian_Folk_Dances__Sz__56__I__Jocul_cu_Bata.wav,0.3885,0.3755,0,0,0,1,,,
91,"Romanian Folk Dances, Sz. 56: II. Braul",Dances & Romances,Bela Bartok,bela bartok,Dances-and-Romances/06-Romanian_Folk_Dances_Sz56_II.m4a,/Users/keita-katsumi/Dropbox/Academic/CalPolyPomona/Thesis/CPP-graduate-thesis/CS6960/src/pseudo-tag/data/wav/track_91_Romanian_Folk_Dances__Sz__56__II__Braul.wav,0.3672,0.3378,0,0,1,0,,,
92,"Romanian Folk Dances, Sz. 56: III. Pe loc",Dances & Romances,Bela Bartok,bela bartok,Dances-and-Romances/07-Romanian_Folk_Dances_Sz56_III.m4a,/Users/keita-katsumi/Dropbox/Academic/CalPolyPomona/Thesis/CPP-graduate-thesis/CS6960/src/pseudo-tag/data/wav/track_92_Romanian_Folk_Dances__Sz__56__III__Pe_loc.wav,0.2651,0.3447,0,1,1,0,,,
93,"Romanian Folk Dances, Sz. 56: IV. Bucsumí tánc / Buciumeana (Live)",Dances & Romances,Bela Bartok,bela bartok,Dances-and-Romances/08-Romanian_Folk_Dances_Sz56_IV.m4a,/Users/keita-katsumi/Dropbox/Academic/CalPolyPomona/Thesis/CPP-graduate-thesis/CS6960/src/pseudo-tag/data/wav/track_93_Romanian_Folk_Dances__Sz__56__IV__Bucsumí_tánc___Buciumeana__Live.wav,0.2963,0.3223,0,1,1,0,,,
94,"Romanian Folk Dances, Sz. 56: V. Poarga Romaneasca, Marunțel 1, Maruntel 2",Dances & Romances,Bela Bartok,bela bartok,Dances-and-Romances/09-Romanian_Folk_Dances_Sz56_V_and_VI.m4a,/Users/keita-katsumi/Dropbox/Academic/CalPolyPomona/Thesis/CPP-graduate-thesis/CS6960/src/pseudo-tag/data/wav/track_94_Romanian_Folk_Dances__Sz__56__V__Poarga_Romaneasca__Marunțel_1__Maruntel_2.wav,0.5182,0.5191,1,0,0,0,,,
95,Nocturne,Dances & Romances,Alexander Borodin,alexander borodin,Dances-and-Romances/10-Nocturne.m4a,/Users/keita-katsumi/Dropbox/Academic/CalPolyPomona/Thesis/CPP-graduate-thesis/CS6960/src/pseudo-tag/data/wav/track_95_Nocturne.wav,0.2916,0.3072,0,1,1,0,,,
96,Menuet from Quartet 275 No. 5,Dances & Romances,Luigi Boccherini,luigi boccherini,Dances-and-Romances/11-String_Quintet_No5_E_major_G275_II.m4a,/Users/keita-katsumi/Dropbox/Academic/CalPolyPomona/Thesis/CPP-graduate-thesis/CS6960/src/pseudo-tag/data/wav/track_96_Menuet_from_Quartet_275_No__5.wav,0.4666,0.3532,0,0,0,0,,,
97,"Waltz from String Serenade, Op. 48",Dances & Romances,Piotr Tchaikovsky,pyotr ilyich tchaikovsky,Dances-and-Romances/12-Serenade_for_Strings_C_Major_Op48_II.m4a,/Users/keita-katsumi/Dropbox/Academic/CalPolyPomona/Thesis/CPP-graduate-thesis/CS6960/src/pseudo-tag/data/wav/track_97_Waltz_from_String_Serenade__Op__48.wav,0.3832,0.425,1,0,0,0,,,
98,Riguadon from Holberg Suite,Dances & Romances,Edvard Grieg,edvard grieg,Dances-and-Romances/13-Holberg_Suite_Op40_V.m4a,/Users/keita-katsumi/Dropbox/Academic/CalPolyPomona/Thesis/CPP-graduate-thesis/CS6960/src/pseudo-tag/data/wav/track_98_Riguadon_from_Holberg_Suite.wav,0.4512,0.4572,1,0,0,0,,,
99,Mischevious Polka,Dances & Romances,Alfred Schnittke,alfred schnittke,Dances-and-Romances/14-Polka_for_String_Quartet.m4a,/Users/keita-katsumi/Dropbox/Academic/CalPolyPomona/Thesis/CPP-graduate-thesis/CS6960/src/pseudo-tag/data/wav/track_99_Mischevious_Polka.wav,0.3861,0.4802,1,0,0,0,,,
100,Hungarian Rhapsody No. 2,Dances & Romances,Franz Liszt,franz liszt,Dances-and-Romances/15-Hungarian_Rhapsody_No2.m4a,/Users/keita-katsumi/Dropbox/Academic/CalPolyPomona/Thesis/CPP-graduate-thesis/CS6960/src/pseudo-tag/data/wav/track_100_Hungarian_Rhapsody_No__2.wav,0.4274,0.4212,1,0,0,0,,,
101,Sabre Dance from Gayane Ballet,Dances & Romances,Aram Khachaturian,aram khachaturian,Dances-and-Romances/16-Gayane_Sabre_Dance.m4a,/Users/keita-katsumi/Dropbox/Academic/CalPolyPomona/Thesis/CPP-graduate-thesis/CS6960/src/pseudo-tag/data/wav/track_101_Sabre_Dance_from_Gayane_Ballet.wav,0.4062,0.533,1,0,0,0,,,
102,"String Symphony After Kreutzer Sonata In A Major, Op. 47 - Adagio Sostenuto - Presto",Celebrating Beethoven's 250th,Ludwig Van Beethoven,ludwig van beethoven,Celebrating-Beethoven's-250th/01-String_Symphony_After_Kreutzer_Sonata_In_A_Major_Op.47_Adagio_Sostenuto_Presto.m4a,/Users/keita-katsumi/Dropbox/Academic/CalPolyPomona/Thesis/CPP-graduate-thesis/CS6960/src/pseudo-tag/data/wav/track_102_String_Symphony_After_Kreutzer_Sonata_In_A_Major__Op__47_-_Adagio_Sostenuto_-_Pr.wav,0.5253,0.4801,1,0,0,0,,,
103,"String Symphony After Kreutzer Sonata In A Major, Op. 47 - Andante Con Variazioni",Celebrating Beethoven's 250th,Ludwig Van Beethoven,ludwig van beethoven,Celebrating-Beethoven's-250th/02-String_Symphony_After_Kreutzer_Sonata_In_A_Major_Op.47_Andante_Con_Variazioni.m4a,/Users/keita-katsumi/Dropbox/Academic/CalPolyPomona/Thesis/CPP-graduate-thesis/CS6960/src/pseudo-tag/data/wav/track_103_String_Symphony_After_Kreutzer_Sonata_In_A_Major__Op__47_-_Andante_Con_Variazion.wav,0.4361,0.3842,0,0,0,0,,,
104,"String Symphony After Kreutzer Sonata In A Major, Op. 47 - Presto",Celebrating Beethoven's 250th,Ludwig Van Beethoven,ludwig van beethoven,Celebrating-Beethoven's-250th/03-String_Symphony_After_Kreutzer_Sonata_In_A_Major_Op.47_Presto.m4a,/Users/keita-katsumi/Dropbox/Academic/CalPolyPomona/Thesis/CPP-graduate-thesis/CS6960/src/pseudo-tag/data/wav/track_104_String_Symphony_After_Kreutzer_Sonata_In_A_Major__Op__47_-_Presto.wav,0.5289,0.4889,1,0,0,0,,,
105,"Quartetto Serioso No.11 In F Minor, Op.95 - Allegro Con Brio",Celebrating Beethoven's 250th,"Ludwig Van Beethoven, G. Mahler",ludwig van beethoven gustav mahler,Celebrating-Beethoven's-250th/04-Quartetto_Serioso_No.11_In_F_Minor_Op.95_Allegro_Con_Brio.m4a,/Users/keita-katsumi/Dropbox/Academic/CalPolyPomona/Thesis/CPP-graduate-thesis/CS6960/src/pseudo-tag/data/wav/track_105_Quartetto_Serioso_No_11_In_F_Minor__Op_95_-_Allegro_Con_Brio.wav,0.4302,0.3948,0,0,0,0,,,
106,"Quartetto Serioso No.11 In F Minor, Op.95 - Allegretto Ma Non Troppo",Celebrating Beethoven's 250th,"Ludwig Van Beethoven, G. Mahler",ludwig van beethoven gustav mahler,Celebrating-Beethoven's-250th/05-Quartetto_Serioso_No.11_In_F_Minor_Op.95_Allegretto_Ma_Non_Troppo.m4a,/Users/keita-katsumi/Dropbox/Academic/CalPolyPomona/Thesis/CPP-graduate-thesis/CS6960/src/pseudo-tag/data/wav/track_106_Quartetto_Serioso_No_11_In_F_Minor__Op_95_-_Allegretto_Ma_Non_Troppo.wav,0.3334,0.3075,0,1,1,0,,,
107,"Quartetto Serioso No.11 In F Minor, Op.95 - Allegro Assai Vivace Ma Non Serioso",Celebrating Beethoven's 250th,"Ludwig Van Beethoven, G. Mahler",ludwig van beethoven gustav mahler,Celebrating-Beethoven's-250th/06-Quartetto_Serioso_No.11_In_F_Minor_Op.95_Allegro_Assai_Vivace_Ma_Non_Serioso.m4a,/Users/keita-katsumi/Dropbox/Academic/CalPolyPomona/Thesis/CPP-graduate-thesis/CS6960/src/pseudo-tag/data/wav/track_107_Quartetto_Serioso_No_11_In_F_Minor__Op_95_-_Allegro_Assai_Vivace_Ma_Non_Serioso.wav,0.5151,0.4169,0,0,0,0,,,
108,"Quartetto Serioso No.11 In F Minor, Op.95 - Larghetto Espressivo - Allegretto Agitato - Allegro",Celebrating Beethoven's 250th,"Ludwig Van Beethoven, G. Mahler",ludwig van beethoven gustav mahler,Celebrating-Beethoven's-250th/07-Quartetto_Serioso_No.11_In_F_Minor_Op.95_Larghetto_Espressivo_Allegretto_Agitato_Allegro.m4a,/Users/keita-katsumi/Dropbox/Academic/CalPolyPomona/Thesis/CPP-graduate-thesis/CS6960/src/pseudo-tag/data/wav/track_108_Quartetto_Serioso_No_11_In_F_Minor__Op_95_-_Larghetto_Espressivo_-_Allegretto_Ag.wav,0.4346,0.4244,1,0,0,0,,,
109,Trio Op 50 - Pezzo Elegiaco,"FESTIVAL 1998 Re-release, iPalpiti 20th Anniversary (Disc I)",P. I. Tchaikovsky,pyotr ilyich tchaikovsky,FESTIVAL-1998-Re-release-iPalpiti-20th-Anniversary/01-Trio_Op50_Pezzo_Elegiaco.m4a,/Users/keita-katsumi/Dropbox/Academic/CalPolyPomona/Thesis/CPP-graduate-thesis/CS6960/src/pseudo-tag/data/wav/track_109_Trio_Op_50_-_Pezzo_Elegiaco.wav,0.3853,0.3133,0,0,1,0,,,
110,Trio Op 50 - Tempo Con Variazioni,"FESTIVAL 1998 Re-release, iPalpiti 20th Anniversary (Disc I)",P. I. Tchaikovsky,pyotr ilyich tchaikovsky,FESTIVAL-1998-Re-release-iPalpiti-20th-Anniversary/02-Trio_Op50_Tempo_Con_Variazioni.m4a,/Users/keita-katsumi/Dropbox/Academic/CalPolyPomona/Thesis/CPP-graduate-thesis/CS6960/src/pseudo-tag/data/wav/track_110_Trio_Op_50_-_Tempo_Con_Variazioni.wav,0.4306,0.3105,0,0,1,0,,,
111,Trio Op 50 - Variazione Finale E Coda,"FESTIVAL 1998 Re-release, iPalpiti 20th Anniversary (Disc I)",P. I. Tchaikovsky,pyotr ilyich tchaikovsky,FESTIVAL-1998-Re-release-iPalpiti-20th-Anniversary/03-Trio_Op50_Variazione_Finale_E_Coda.m4a,/Users/keita-katsumi/Dropbox/Academic/CalPolyPomona/Thesis/CPP-graduate-thesis/CS6960/src/pseudo-tag/data/wav/track_111_Trio_Op_50_-_Variazione_Finale_E_Coda.wav,0.3587,0.3361,0,0,1,0,,,
112,"Trio N 1, Op. 4 in D Minor - Molto Allegro Et Agitato","FESTIVAL 1998 Re-release, iPalpiti 20th Anniversary (Disc I)",Felix Mendelssohn,felix mendelssohn,FESTIVAL-1998-Re-release-iPalpiti-20th-Anniversary/04-Trio_No1_Molto_Allegro_Et_Agitato.m4a,/Users/keita-katsumi/Dropbox/Academic/CalPolyPomona/Thesis/CPP-graduate-thesis/CS6960/src/pseudo-tag/data/wav/track_112_Trio_N_1__Op__4_in_D_Minor_-_Molto_Allegro_Et_Agitato.wav,0.4318,0.3513,0,0,1,0,,,
113,"Trio N 1, Op. 4 in D Minor - Andante Con Moto Tranquillo","FESTIVAL 1998 Re-release, iPalpiti 20th Anniversary (Disc I)",Felix Mendelssohn,felix mendelssohn,FESTIVAL-1998-Re-release-iPalpiti-20th-Anniversary/05-Trio_No1_Andante_Con_Moto_Tranquillo.m4a,/Users/keita-katsumi/Dropbox/Academic/CalPolyPomona/Thesis/CPP-graduate-thesis/CS6960/src/pseudo-tag/data/wav/track_113_Trio_N_1__Op__4_in_D_Minor_-_Andante_Con_Moto_Tranquillo.wav,0.3931,0.3174,0,0,1,0,,,
114,"Trio N 1, Op. 4 in D Minor - Scherzo","FESTIVAL 1998 Re-release, iPalpiti 20th Anniversary (Disc I)",Felix Mendelssohn,felix mendelssohn,FESTIVAL-1998-Re-release-iPalpiti-20th-Anniversary/06-Trio_No1_Scherzo.m4a,/Users/keita-katsumi/Dropbox/Academic/CalPolyPomona/Thesis/CPP-graduate-thesis/CS6960/src/pseudo-tag/data/wav/track_114_Trio_N_1__Op__4_in_D_Minor_-_Scherzo.wav,0.6033,0.4785,1,0,0,0,,,
115,"Trio N 1, Op. 4 in D Minor - Finale - Allegro Assai Appassionato","FESTIVAL 1998 Re-release, iPalpiti 20th Anniversary (Disc I)",Felix Mendelssohn,felix mendelssohn,FESTIVAL-1998-Re-release-iPalpiti-20th-Anniversary/07-Trio_No1_Finale_Allegro_Assai_Appassionato.m4a,/Users/keita-katsumi/Dropbox/Academic/CalPolyPomona/Thesis/CPP-graduate-thesis/CS6960/src/pseudo-tag/data/wav/track_115_Trio_N_1__Op__4_in_D_Minor_-_Finale_-_Allegro_Assai_Appassionato.wav,0.4722,0.3813,0,0,0,0,,,
117,Poeme Elegiac,"FESTIVAL 1998 Re-release, iPalpiti 20th Anniversary (Disc II)",Eugéne Ysaÿe,eugene ysaye,FESTIVAL-1998-Re-release-iPalpiti-20th-Anniversary/02-Poeme_Elegiac.m4a,/Users/keita-katsumi/Dropbox/Academic/CalPolyPomona/Thesis/CPP-graduate-thesis/CS6960/src/pseudo-tag/data/wav/track_117_Poeme_Elegiac.wav,0.346,0.3412,0,1,1,0,,,
118,"Sonata N 3, Op. 25 - Moderato Malinconico","FESTIVAL 1998 Re-release, iPalpiti 20th Anniversary (Disc II)",Georges Enesco,george enescu,FESTIVAL-1998-Re-release-iPalpiti-20th-Anniversary/03-Sonata_No3_Op25_Moderato_Malinconico.m4a,/Users/keita-katsumi/Dropbox/Academic/CalPolyPomona/Thesis/CPP-graduate-thesis/CS6960/src/pseudo-tag/data/wav/track_118_Sonata_N_3__Op__25_-_Moderato_Malinconico.wav,0.3621,0.3375,0,0,1,0,,,
119,"Sonata N 3, Op. 25 - Andante Sostenuto E Misterioso","FESTIVAL 1998 Re-release, iPalpiti 20th Anniversary (Disc II)",Georges Enesco,george enescu,FESTIVAL-1998-Re-release-iPalpiti-20th-Anniversary/04-Sonata_No3_Op25_Andante_Sostenuto_E_Misterioso.m4a,/Users/keita-katsumi/Dropbox/Academic/CalPolyPomona/Thesis/CPP-graduate-thesis/CS6960/src/pseudo-tag/data/wav/track_119_Sonata_N_3__Op__25_-_Andante_Sostenuto_E_Misterioso.wav,0.2616,0.3026,0,1,1,0,,,
120,"Sonata N 3, Op. 25 - Allegro Con Brio Ma Non Troppo Mosso","FESTIVAL 1998 Re-release, iPalpiti 20th Anniversary (Disc II)",Georges Enesco,george enescu,FESTIVAL-1998-Re-release-iPalpiti-20th-Anniversary/05-Sonata_No3_Op25_Allegro_Con_Brio_Ma_Non_Troppo_Mosso.m4a,/Users/keita-katsumi/Dropbox/Academic/CalPolyPomona/Thesis/CPP-graduate-thesis/CS6960/src/pseudo-tag/data/wav/track_120_Sonata_N_3__Op__25_-_Allegro_Con_Brio_Ma_Non_Troppo_Mosso.wav,0.3683,0.402,0,0,0,1,,,
121,Andante Spianato,"FESTIVAL 1998 Re-release, iPalpiti 20th Anniversary (Disc II)",Frederic Chopin,frederic chopin,FESTIVAL-1998-Re-release-iPalpiti-20th-Anniversary/06-Andante_Spianato.m4a,/Users/keita-katsumi/Dropbox/Academic/CalPolyPomona/Thesis/CPP-graduate-thesis/CS6960/src/pseudo-tag/data/wav/track_121_Andante_Spianato.wav,0.3651,0.2479,0,0,1,0,,,
122,"Grand Polonaise Brilliante, Op. 22","FESTIVAL 1998 Re-release, iPalpiti 20th Anniversary (Disc II)",Frederic Chopin,frederic chopin,FESTIVAL-1998-Re-release-iPalpiti-20th-Anniversary/07-Grand_Polonaise_Brilliante_Op22.m4a,/Users/keita-katsumi/Dropbox/Academic/CalPolyPomona/Thesis/CPP-graduate-thesis/CS6960/src/pseudo-tag/data/wav/track_122_Grand_Polonaise_Brilliante__Op__22.wav,0.441,0.3851,0,0,0,0,,,
123,Der Muller Und Der Bach,"FESTIVAL 1998 Re-release, iPalpiti 20th Anniversary (Disc II)",Schubert-Liszt,schubert liszt,FESTIVAL-1998-Re-release-iPalpiti-20th-Anniversary/08-Der_Muller_Und_Der_Bach.m4a,/Users/keita-katsumi/Dropbox/Academic/CalPolyPomona/Thesis/CPP-graduate-thesis/CS6960/src/pseudo-tag/data/wav/track_123_Der_Muller_Und_Der_Bach.wav,0.3592,0.2093,0,0,1,0,,,
124,Stabat Mater: 1. Stabat Mater Dolorosa,Sacred & Profane (Disc I),Giovanni Battista Pergolesi,giovanni battista pergolesi,Sacred-and_Profane/01-Stabat_Mater_1_Stabat_Mater_Dolorosa.m4a,/Users/keita-katsumi/Dropbox/Academic/CalPolyPomona/Thesis/CPP-graduate-thesis/CS6960/src/pseudo-tag/data/wav/track_124_Stabat_Mater__1__Stabat_Mater_Dolorosa.wav,0.3389,0.3652,0,1,0,0,,,
125,Stabat Mater: 2. Cujus animam gementem,Sacred & Profane (Disc I),Giovanni Battista Pergolesi,giovanni battista pergolesi,Sacred-and_Profane/02-Stabat_Mater_2_Cujus_animam_gementem.m4a,/Users/keita-katsumi/Dropbox/Academic/CalPolyPomona/Thesis/CPP-graduate-thesis/CS6960/src/pseudo-tag/data/wav/track_125_Stabat_Mater__2__Cujus_animam_gementem.wav,0.3607,0.4673,1,0,0,0,,,
126,Stabat Mater: 3. O Quam tristis et afflicta,Sacred & Profane (Disc I),Giovanni Battista Pergolesi,giovanni battista pergolesi,Sacred-and_Profane/03-Stabat_Mater_3_O_Quam_tristis_et_afflicta.m4a,/Users/keita-katsumi/Dropbox/Academic/CalPolyPomona/Thesis/CPP-graduate-thesis/CS6960/src/pseudo-tag/data/wav/track_126_Stabat_Mater__3__O_Quam_tristis_et_afflicta.wav,0.3347,0.4085,0,1,0,0,,,
127,Stabat Mater: 4. Quae moerebat et dolebat,Sacred & Profane (Disc I),Giovanni Battista Pergolesi,giovanni battista pergolesi,Sacred-and_Profane/04-Stabat_Mater_4_Quae_moerebat_et_dolebat.m4a,/Users/keita-katsumi/Dropbox/Academic/CalPolyPomona/Thesis/CPP-graduate-thesis/CS6960/src/pseudo-tag/data/wav/track_127_Stabat_Mater__4__Quae_moerebat_et_dolebat.wav,0.4056,0.4134,0,0,0,0,,,
128,Stabat Mater: 5. Quis est homo qui non fleret,Sacred & Profane (Disc I),Giovanni Battista Pergolesi,giovanni battista pergolesi,Sacred-and_Profane/05-Stabat_Mater_5_Quis_est_homo_qui_non_fleret.m4a,/Users/keita-katsumi/Dropbox/Academic/CalPolyPomona/Thesis/CPP-graduate-thesis/CS6960/src/pseudo-tag/data/wav/track_128_Stabat_Mater__5__Quis_est_homo_qui_non_fleret.wav,0.3713,0.4398,1,0,0,0,,,
129,Stabat Mater: 6. Vidit suum dulcem natum,Sacred & Profane (Disc I),Giovanni Battista Pergolesi,giovanni battista pergolesi,Sacred-and_Profane/06-Stabat_Mater_6_Vidit_suum_dulcem_natum.m4a,/Users/keita-katsumi/Dropbox/Academic/CalPolyPomona/Thesis/CPP-graduate-thesis/CS6960/src/pseudo-tag/data/wav/track_129_Stabat_Mater__6__Vidit_suum_dulcem_natum.wav,0.2973,0.3733,0,1,0,0,,,
130,Stabat Mater: 7. Eja Mater fons amoris,Sacred & Profane (Disc I),Giovanni Battista Pergolesi,giovanni battista pergolesi,Sacred-and_Profane/07-Stabat_Mater_7_Eja_Mater_fons_amoris.m4a,/Users/keita-katsumi/Dropbox/Academic/CalPolyPomona/Thesis/CPP-graduate-thesis/CS6960/src/pseudo-tag/data/wav/track_130_Stabat_Mater__7__Eja_Mater_fons_amoris.wav,0.4152,0.4276,1,0,0,0,,,
131,Stabat Mater: 8. Fac ut ardeat cor meum,Sacred & Profane (Disc I),Giovanni Battista Pergolesi,giovanni battista pergolesi,Sacred-and_Profane/08-Stabat_Mater_8_Fac_ut_ardeat_cor_meum.m4a,/Users/keita-katsumi/Dropbox/Academic/CalPolyPomona/Thesis/CPP-graduate-thesis/CS6960/src/pseudo-tag/data/wav/track_131_Stabat_Mater__8__Fac_ut_ardeat_cor_meum.wav,0.3808,0.4762,1,0,0,0,,,
132,"Stabat Mater: 9. Sancta Mater, istud agas",Sacred & Profane (Disc I),Giovanni Battista Pergolesi,giovanni battista pergolesi,Sacred-and_Profane/09-Stabat_Mater_9_Sancta_Mater_istud_agas.m4a,/Users/keita-katsumi/Dropbox/Academic/CalPolyPomona/Thesis/CPP-graduate-thesis/CS6960/src/pseudo-tag/data/wav/track_132_Stabat_Mater__9__Sancta_Mater__istud_agas.wav,0.3975,0.4331,1,0,0,0,,,
133,Stabat Mater: 10. Fac ut portem Christi mortem,Sacred & Profane (Disc I),Giovanni Battista Pergolesi,giovanni battista pergolesi,Sacred-and_Profane/10-Stabat_Mater_10_Fac_ut_portem_Christi_mortem.m4a,/Users/keita-katsumi/Dropbox/Academic/CalPolyPomona/Thesis/CPP-graduate-thesis/CS6960/src/pseudo-tag/data/wav/track_133_Stabat_Mater__10__Fac_ut_portem_Christi_mortem.wav,0.3593,0.409,0,0,0,0,,,
134,Stabat Mater: 11. Inflammatus et accensus,Sacred & Profane (Disc I),Giovanni Battista Pergolesi,giovanni battista pergolesi,Sacred-and_Profane/11-Stabat_Mater_11_Inflammatus_et_accensus.m4a,/Users/keita-katsumi/Dropbox/Academic/CalPolyPomona/Thesis/CPP-graduate-thesis/CS6960/src/pseudo-tag/data/wav/track_134_Stabat_Mater__11__Inflammatus_et_accensus.wav,0.4463,0.4386,1,0,0,0,,,
135,Stabat Mater: 12. Quando corpus morietur,Sacred & Profane (Disc I),Giovanni Battista Pergolesi,giovanni battista pergolesi,Sacred-and_Profane/12-Stabat_Mater_12_Quando_corpus_morietur.m4a,/Users/keita-katsumi/Dropbox/Academic/CalPolyPomona/Thesis/CPP-graduate-thesis/CS6960/src/pseudo-tag/data/wav/track_135_Stabat_Mater__12__Quando_corpus_morietur.wav,0.3171,0.4063,0,1,0,0,,,
136,Carmen Suite: Introduction,Sacred & Profane (Disc II),Rodion Shchedrin,rodion shchedrin,Sacred-and_Profane/01-Carmen_Suite_Introduction.m4a,/Users/keita-katsumi/Dropbox/Academic/CalPolyPomona/Thesis/CPP-graduate-thesis/CS6960/src/pseudo-tag/data/wav/track_136_Carmen_Suite__Introduction.wav,0.2067,0.1739,0,1,1,0,,,
137,Carmen Suite: Dance,Sacred & Profane (Disc II),Rodion Shchedrin,rodion shchedrin,Sacred-and_Profane/02-Carmen_Suite_Dance.m4a,/Users/keita-katsumi/Dropbox/Academic/CalPolyPomona/Thesis/CPP-graduate-thesis/CS6960/src/pseudo-tag/data/wav/track_137_Carmen_Suite__Dance.wav,0.4396,0.4666,1,0,0,0,,,
138,Carmen Suite: First Intermezzo,Sacred & Profane (Disc II),Rodion Shchedrin,rodion shchedrin,Sacred-and_Profane/03-Carmen_Suite_First_Intermezzo.m4a,/Users/keita-katsumi/Dropbox/Academic/CalPolyPomona/Thesis/CPP-graduate-thesis/CS6960/src/pseudo-tag/data/wav/track_138_Carmen_Suite__First_Intermezzo.wav,0.2702,0.2438,0,1,1,0,,,
139,Carmen Suite: Changing of the Guard,Sacred & Profane (Disc II),Rodion Shchedrin,rodion shchedrin,Sacred-and_Profane/04-Carmen_Suite_Changing_of_the_Guard.m4a,/Users/keita-katsumi/Dropbox/Academic/CalPolyPomona/Thesis/CPP-graduate-thesis/CS6960/src/pseudo-tag/data/wav/track_139_Carmen_Suite__Changing_of_the_Guard.wav,0.4354,0.4174,0,0,0,0,,,
140,Carmen Suite: Carmen's Entrance and Habanera,Sacred & Profane (Disc II),Rodion Shchedrin,rodion shchedrin,Sacred-and_Profane/05-Carmen_Suite_Carmens_Entrance_and_Habanera.m4a,/Users/keita-katsumi/Dropbox/Academic/CalPolyPomona/Thesis/CPP-graduate-thesis/CS6960/src/pseudo-tag/data/wav/track_140_Carmen_Suite__Carmen_s_Entrance_and_Habanera.wav,0.3638,0.3786,0,0,0,0,,,
141,Carmen Suite: Scene,Sacred & Profane (Disc II),Rodion Shchedrin,rodion shchedrin,Sacred-and_Profane/06-Carmen_Suite_Scene.m4a,/Users/keita-katsumi/Dropbox/Academic/CalPolyPomona/Thesis/CPP-graduate-thesis/CS6960/src/pseudo-tag/data/wav/track_141_Carmen_Suite__Scene.wav,0.3932,0.3949,0,0,0,1,,,
142,Carmen Suite: Second Intermezzo,Sacred & Profane (Disc II),Rodion Shchedrin,rodion shchedrin,Sacred-and_Profane/07-Carmen_Suite_Second_Intermezzo.m4a,/Users/keita-katsumi/Dropbox/Academic/CalPolyPomona/Thesis/CPP-graduate-thesis/CS6960/src/pseudo-tag/data/wav/track_142_Carmen_Suite__Second_Intermezzo.wav,0.2655,0.2259,0,1,1,0,,,
143,Carmen Suite: Bolero,Sacred & Profane (Disc II),Rodion Shchedrin,rodion shchedrin,Sacred-and_Profane/08-Carmen_Suite_Bolero.m4a,/Users/keita-katsumi/Dropbox/Academic/CalPolyPomona/Thesis/CPP-graduate-thesis/CS6960/src/pseudo-tag/data/wav/track_143_Carmen_Suite__Bolero.wav,0.4899,0.4983,1,0,0,0,,,
144,Carmen Suite: Torero,Sacred & Profane (Disc II),Rodion Shchedrin,rodion shchedrin,Sacred-and_Profane/09-Carmen_Suite_Torero.m4a,/Users/keita-katsumi/Dropbox/Academic/CalPolyPomona/Thesis/CPP-graduate-thesis/CS6960/src/pseudo-tag/data/wav/track_144_Carmen_Suite__Torero.wav,0.4913,0.5906,1,0,0,0,,,
145,Carmen Suite: Torero and Carmen,Sacred & Profane (Disc II),Rodion Shchedrin,rodion shchedrin,Sacred-and_Profane/10-Carmen_Suite_Torero_and_Carmen.m4a,/Users/keita-katsumi/Dropbox/Academic/CalPolyPomona/Thesis/CPP-graduate-thesis/CS6960/src/pseudo-tag/data/wav/track_145_Carmen_Suite__Torero_and_Carmen.wav,0.3593,0.354,0,0,0,0,,,
146,Carmen Suite: Adagio,Sacred & Profane (Disc II),Rodion Shchedrin,rodion shchedrin,Sacred-and_Profane/11-Carmen_Suite_Adagio.m4a,/Users/keita-katsumi/Dropbox/Academic/CalPolyPomona/Thesis/CPP-graduate-thesis/CS6960/src/pseudo-tag/data/wav/track_146_Carmen_Suite__Adagio.wav,0.3004,0.3586,0,1,0,0,,,
147,Carmen Suite: Fortune Telling,Sacred & Profane (Disc II),Rodion Shchedrin,rodion shchedrin,Sacred-and_Profane/12-Carmen_Suite_Fortune_Telling.m4a,/Users/keita-katsumi/Dropbox/Academic/CalPolyPomona/Thesis/CPP-graduate-thesis/CS6960/src/pseudo-tag/data/wav/track_147_Carmen_Suite__Fortune_Telling.wav,0.3009,0.4046,0,1,0,0,,,
148,Carmen Suite: Finale,Sacred & Profane (Disc II),Rodion Shchedrin,rodion shchedrin,Sacred-and_Profane/13-Carmen_Suite_Finale.m4a,/Users/keita-katsumi/Dropbox/Academic/CalPolyPomona/Thesis/CPP-graduate-thesis/CS6960/src/pseudo-tag/data/wav/track_148_Carmen_Suite__Finale.wav,0.2936,0.3854,0,1,0,0,,,
149,Overture In C Minor,Majestic Classics Live from Salzburg (Disc I),Franz Schubert,franz schubert,Majestic-Classics-Live-from-Salzburg/01-Overture_In_C_Minor.m4a,/Users/keita-katsumi/Dropbox/Academic/CalPolyPomona/Thesis/CPP-graduate-thesis/CS6960/src/pseudo-tag/data/wav/track_149_Overture_In_C_Minor.wav,0.4595,0.3582,0,0,0,0,,,
150,Six Songs: I. Der Einsame,Majestic Classics Live from Salzburg (Disc I),Franz Schubert,franz schubert,Majestic-Classics-Live-from-Salzburg/02-Six_Songs_I_Der_Einsame.m4a,/Users/keita-katsumi/Dropbox/Academic/CalPolyPomona/Thesis/CPP-graduate-thesis/CS6960/src/pseudo-tag/data/wav/track_150_Six_Songs__I__Der_Einsame.wav,0.3465,0.3799,0,1,0,0,,,
151,Six Songs: II. Der Wanderer An Den Mond,Majestic Classics Live from Salzburg (Disc I),Franz Schubert,franz schubert,Majestic-Classics-Live-from-Salzburg/03-Six_Songs_II_Der_Wanderer_An_Den_Mond.m4a,/Users/keita-katsumi/Dropbox/Academic/CalPolyPomona/Thesis/CPP-graduate-thesis/CS6960/src/pseudo-tag/data/wav/track_151_Six_Songs__II__Der_Wanderer_An_Den_Mond.wav,0.3472,0.3342,0,1,1,0,,,
152,Six Songs: III. Der Tod Und Das Madchen,Majestic Classics Live from Salzburg (Disc I),Franz Schubert,franz schubert,Majestic-Classics-Live-from-Salzburg/04-Six_Songs_III_Der_Tod_Und_Das_Madchen.m4a,/Users/keita-katsumi/Dropbox/Academic/CalPolyPomona/Thesis/CPP-graduate-thesis/CS6960/src/pseudo-tag/data/wav/track_152_Six_Songs__III__Der_Tod_Und_Das_Madchen.wav,0.2559,0.2828,0,1,1,0,,,
153,Six Songs: IV. Geheimes,Majestic Classics Live from Salzburg (Disc I),Franz Schubert,franz schubert,Majestic-Classics-Live-from-Salzburg/05-Six_Songs_IV_Geheimes.m4a,/Users/keita-katsumi/Dropbox/Academic/CalPolyPomona/Thesis/CPP-graduate-thesis/CS6960/src/pseudo-tag/data/wav/track_153_Six_Songs__IV__Geheimes.wav,0.2599,0.3033,0,1,1,0,,,
154,Six Songs: V. Fischerweise,Majestic Classics Live from Salzburg (Disc I),Franz Schubert,franz schubert,Majestic-Classics-Live-from-Salzburg/06-Six_Songs_V_Fischerweise.m4a,/Users/keita-katsumi/Dropbox/Academic/CalPolyPomona/Thesis/CPP-graduate-thesis/CS6960/src/pseudo-tag/data/wav/track_154_Six_Songs__V__Fischerweise.wav,0.3794,0.3506,0,0,1,0,,,
155,Six Songs: VI. An Sylvia,Majestic Classics Live from Salzburg (Disc I),Franz Schubert,franz schubert,Majestic-Classics-Live-from-Salzburg/07-Six_Songs_VI_An_Sylvia.m4a,/Users/keita-katsumi/Dropbox/Academic/CalPolyPomona/Thesis/CPP-graduate-thesis/CS6960/src/pseudo-tag/data/wav/track_155_Six_Songs__VI__An_Sylvia.wav,0.3236,0.4171,0,1,0,0,,,
156,Death And The Maiden: I. Allegro,Majestic Classics Live from Salzburg (Disc I),Franz Schubert,franz schubert,Majestic-Classics-Live-from-Salzburg/08-Death_And_The_Maiden_I_Allegro.m4a,/Users/keita-katsumi/Dropbox/Academic/CalPolyPomona/Thesis/CPP-graduate-thesis/CS6960/src/pseudo-tag/data/wav/track_156_Death_And_The_Maiden__I__Allegro.wav,0.4221,0.3657,0,0,0,0,,,
157,Death And The Maiden: II. Andante Con Moto,Majestic Classics Live from Salzburg (Disc I),Franz Schubert,franz schubert,Majestic-Classics-Live-from-Salzburg/09-Death_And_The_Maiden_II_Andante_Con_Moto.m4a,/Users/keita-katsumi/Dropbox/Academic/CalPolyPomona/Thesis/CPP-graduate-thesis/CS6960/src/pseudo-tag/data/wav/track_157_Death_And_The_Maiden__II__Andante_Con_Moto.wav,0.3752,0.3124,0,0,1,0,,,
158,"Death And The Maiden: III. Scherzo, Allegro Molto",Majestic Classics Live from Salzburg (Disc I),Franz Schubert,franz schubert,Majestic-Classics-Live-from-Salzburg/10-Death_And_The_Maiden_III_Scherzo_Allegro_Molto.m4a,/Users/keita-katsumi/Dropbox/Academic/CalPolyPomona/Thesis/CPP-graduate-thesis/CS6960/src/pseudo-tag/data/wav/track_158_Death_And_The_Maiden__III__Scherzo__Allegro_Molto.wav,0.4616,0.3876,0,0,0,0,,,
159,Death And The Maiden: IV. Presto,Majestic Classics Live from Salzburg (Disc I),Franz Schubert,franz schubert,Majestic-Classics-Live-from-Salzburg/11-Death_And_The_Maiden_IV_Presto.m4a,/Users/keita-katsumi/Dropbox/Academic/CalPolyPomona/Thesis/CPP-graduate-thesis/CS6960/src/pseudo-tag/data/wav/track_159_Death_And_The_Maiden__IV__Presto.wav,0.4926,0.4168,0,0,0,0,,,
160,Arioso,Majestic Classics Live from Salzburg (Disc I),J. S. Bach,johann sebastian bach,Majestic-Classics-Live-from-Salzburg/12-Arioso.m4a,/Users/keita-katsumi/Dropbox/Academic/CalPolyPomona/Thesis/CPP-graduate-thesis/CS6960/src/pseudo-tag/data/wav/track_160_Arioso.wav,0.3238,0.2591,0,1,1,0,,,
161,"Adagio And Fugue In C Minor, K.546",Majestic Classics Live from Salzburg (Disc II),W. A. Mozart,wolfgang amadeus mozart,Majestic-Classics-Live-from-Salzburg/01-Adagio_And_Fugue_In_C_Minor_K546.m4a,/Users/keita-katsumi/Dropbox/Academic/CalPolyPomona/Thesis/CPP-graduate-thesis/CS6960/src/pseudo-tag/data/wav/track_161_Adagio_And_Fugue_In_C_Minor__K_546.wav,0.362,0.3524,0,0,0,0,,,
162,"Sinfonia Concertante In E-Flat Major, K.364: I. Allegro Maestoso",Majestic Classics Live from Salzburg (Disc II),W. A. Mozart,wolfgang amadeus mozart,Majestic-Classics-Live-from-Salzburg/02-Sinfonia_Concertante_In_E-Flat_Major_K364_I_Allegro_Maestoso.m4a,/Users/keita-katsumi/Dropbox/Academic/CalPolyPomona/Thesis/CPP-graduate-thesis/CS6960/src/pseudo-tag/data/wav/track_162_Sinfonia_Concertante_In_E-Flat_Major__K_364__I__Allegro_Maestoso.wav,0.3722,0.3312,0,0,1,0,,,
163,"Sinfonia Concertante In E-Flat Major, K.364: II. Andante",Majestic Classics Live from Salzburg (Disc II),W. A. Mozart,wolfgang amadeus mozart,Majestic-Classics-Live-from-Salzburg/03-Sinfonia_Concertante_In_E-Flat_Major_K364_II_Andante.m4a,/Users/keita-katsumi/Dropbox/Academic/CalPolyPomona/Thesis/CPP-graduate-thesis/CS6960/src/pseudo-tag/data/wav/track_163_Sinfonia_Concertante_In_E-Flat_Major__K_364__II__Andante.wav,0.3416,0.3246,0,1,1,0,,,
164,"Sinfonia Concertante In E-Flat Major, K.364: Iii. Presto",Majestic Classics Live from Salzburg (Disc II),W. A. Mozart,wolfgang amadeus mozart,Majestic-Classics-Live-from-Salzburg/04-Sinfonia_Concertante_In_E-Flat_Major_K364_III_Presto.m4a,/Users/keita-katsumi/Dropbox/Academic/CalPolyPomona/Thesis/CPP-graduate-thesis/CS6960/src/pseudo-tag/data/wav/track_164_Sinfonia_Concertante_In_E-Flat_Major__K_364__Iii__Presto.wav,0.404,0.3806,0,0,0,1,,,
165,"Quartetto Serioso In F Minor, Op.95: I. Allegro Con Brio",Majestic Classics Live from Salzburg (Disc II),"Ludwig van Beethoven, Gustav Mahler",ludwig van beethoven gustav mahler,Majestic-Classics-Live-from-Salzburg/05-Quartetto_Serioso_In_F_Minor_Op95_I_Allegro_Con_Brio.m4a,/Users/keita-katsumi/Dropbox/Academic/CalPolyPomona/Thesis/CPP-graduate-thesis/CS6960/src/pseudo-tag/data/wav/track_165_Quartetto_Serioso_In_F_Minor__Op_95__I__Allegro_Con_Brio.wav,0.4088,0.3909,0,0,0,1,,,
166,"Quartetto Serioso In F Minor, Op.95: II. Allegretto Ma Non Troppo",Majestic Classics Live from Salzburg (Disc II),"Ludwig van Beethoven, Gustav Mahler",ludwig van beethoven gustav mahler,Majestic-Classics-Live-from-Salzburg/06-Quartetto_Serioso_In_F_Minor_Op95_II_Allegretto_Ma_Non_Troppo.m4a,/Users/keita-katsumi/Dropbox/Academic/CalPolyPomona/Thesis/CPP-graduate-thesis/CS6960/src/pseudo-tag/data/wav/track_166_Quartetto_Serioso_In_F_Minor__Op_95__II__Allegretto_Ma_Non_Troppo.wav,0.3324,0.3067,0,1,1,0,,,
167,"Quartetto Serioso In F Minor, Op.95: III. Allegro Assai Vivace Ma Serioso - Piu Allegro",Majestic Classics Live from Salzburg (Disc II),"Ludwig van Beethoven, Gustav Mahler",ludwig van beethoven gustav mahler,Majestic-Classics-Live-from-Salzburg/07-Quartetto_Serioso_In_F_Minor_Op95_III_Allegro_Assai_Vivace_Ma_Serioso_Piu_Allegro.m4a,/Users/keita-katsumi/Dropbox/Academic/CalPolyPomona/Thesis/CPP-graduate-thesis/CS6960/src/pseudo-tag/data/wav/track_167_Quartetto_Serioso_In_F_Minor__Op_95__III__Allegro_Assai_Vivace_Ma_Serioso_-_Piu.wav,0.5102,0.4179,1,0,0,0,,,
168,"Quartetto Serioso In F Minor, Op.95: IV. Larghetto Espressivo - Allegretto Agitato - Allegro",Majestic Classics Live from Salzburg (Disc II),"Ludwig van Beethoven, Gustav Mahler",ludwig van beethoven gustav mahler,Majestic-Classics-Live-from-Salzburg/08-Quartetto_Serioso_In_F_Minor_Op95_IV_Larghetto_Espressivo_Allegretto_Agitato_Allegro.m4a,/Users/keita-katsumi/Dropbox/Academic/CalPolyPomona/Thesis/CPP-graduate-thesis/CS6960/src/pseudo-tag/data/wav/track_168_Quartetto_Serioso_In_F_Minor__Op_95__IV__Larghetto_Espressivo_-_Allegretto_Agita.wav,0.4368,0.4252,1,0,0,0,,,
169,"Scherzo, Op. 81",PICTURES AT AN EXHIBITION (Disc I),Felix Mendelssohn,felix mendelssohn,PICTURES-AT-AN-EXHIBITION/01-Scherzo_Op81.m4a,/Users/keita-katsumi/Dropbox/Academic/CalPolyPomona/Thesis/CPP-graduate-thesis/CS6960/src/pseudo-tag/data/wav/track_169_Scherzo__Op__81.wav,0.4201,0.4544,1,0,0,0,,,
170,"Violin Partitta No. 2 In D Minor, BWV 1004: V. Chaconne (Arr. For String Orchestra)",PICTURES AT AN EXHIBITION (Disc I),Johann Sebastian Bach,johann sebastian bach,PICTURES-AT-AN-EXHIBITION/02-Violin_Partitta_No2_In_D_Minor_BWV1004_V_Chaconne.m4a,/Users/keita-katsumi/Dropbox/Academic/CalPolyPomona/Thesis/CPP-graduate-thesis/CS6960/src/pseudo-tag/data/wav/track_170_Violin_Partitta_No__2_In_D_Minor__BWV_1004__V__Chaconne__Arr__For_String_Orchest.wav,0.4034,0.3404,0,0,1,0,,,
171,Langsamer Satz,PICTURES AT AN EXHIBITION (Disc I),Anton Webern,anton webern,PICTURES-AT-AN-EXHIBITION/03-Langsamer_Satz.m4a,/Users/keita-katsumi/Dropbox/Academic/CalPolyPomona/Thesis/CPP-graduate-thesis/CS6960/src/pseudo-tag/data/wav/track_171_Langsamer_Satz.wav,0.3022,0.3523,0,1,0,0,,,
172,"Variations On A Rococo Theme, Op. 33",PICTURES AT AN EXHIBITION (Disc I), Pyotr Ilyich Tchaikovsky,pyotr ilyich tchaikovsky,PICTURES-AT-AN-EXHIBITION/04-Variations_On_A_Rococo_Theme_Op33.m4a,/Users/keita-katsumi/Dropbox/Academic/CalPolyPomona/Thesis/CPP-graduate-thesis/CS6960/src/pseudo-tag/data/wav/track_172_Variations_On_A_Rococo_Theme__Op__33.wav,0.348,0.3721,0,1,0,0,,,
173,Pictures At An Exhibition,PICTURES AT AN EXHIBITION (Disc II),Modest Mussorgsky,modest mussorgsky,PICTURES-AT-AN-EXHIBITION/01-Pictures_At_An_Exhibition.m4a,/Users/keita-katsumi/Dropbox/Academic/CalPolyPomona/Thesis/CPP-graduate-thesis/CS6960/src/pseudo-tag/data/wav/track_173_Pictures_At_An_Exhibition.wav,0.3268,0.3461,0,1,1,0,,,
184,Happy Birthday Variations in Styles From Haydn to Gypsy,"Nostalgia Golden Strings of iPalpiti, 10th anniversary",Heidrich,heidrich,Nostalgia-Golden-Strings-of-iPalpiti-10th-Anniversay/01-Happy_Birthday_Variations_in_Styles_From_Haydn_to_Gypsy.m4a,/Users/keita-katsumi/Dropbox/Academic/CalPolyPomona/Thesis/CPP-graduate-thesis/CS6960/src/pseudo-tag/data/wav/track_184_Happy_Birthday_Variations_in_Styles_From_Haydn_to_Gypsy.wav,0.3811,0.3899,0,0,0,1,,,
185,"Piano Sonata No. 11, K. 331: III. March Alla Turca","Nostalgia Golden Strings of iPalpiti, 10th anniversary",Mozart,wolfgang amadeus mozart,Nostalgia-Golden-Strings-of-iPalpiti-10th-Anniversay/02-Piano_Sonata_No11_K331_III_March_Alla_Turca.m4a,/Users/keita-katsumi/Dropbox/Academic/CalPolyPomona/Thesis/CPP-graduate-thesis/CS6960/src/pseudo-tag/data/wav/track_185_Piano_Sonata_No__11__K__331__III__March_Alla_Turca.wav,0.5355,0.4635,1,0,0,0,,,
186,"Orchestral Suite No. 3, Bmv 1068: II. Air","Nostalgia Golden Strings of iPalpiti, 10th anniversary",Bach,johann sebastian bach,Nostalgia-Golden-Strings-of-iPalpiti-10th-Anniversay/03-Orchestral_Suite_No3_Bmv1068_II_Air.m4a,/Users/keita-katsumi/Dropbox/Academic/CalPolyPomona/Thesis/CPP-graduate-thesis/CS6960/src/pseudo-tag/data/wav/track_186_Orchestral_Suite_No__3__Bmv_1068__II__Air.wav,0.3467,0.3563,0,1,0,0,,,
187,"Poeme Elegiac, Op. 12","Nostalgia Golden Strings of iPalpiti, 10th anniversary",Ysaÿe,ysaye,Nostalgia-Golden-Strings-of-iPalpiti-10th-Anniversay/04-Poeme_Elegiac_Op12.m4a,/Users/keita-katsumi/Dropbox/Academic/CalPolyPomona/Thesis/CPP-graduate-thesis/CS6960/src/pseudo-tag/data/wav/track_187_Poeme_Elegiac__Op__12.wav,0.3488,0.3357,0,1,1,0,,,
188,"String Sextet in D Minor Souvenir De Florence, Op. 70: II. Adagio","Nostalgia Golden Strings of iPalpiti, 10th anniversary",Tchaikovsky,pyotr ilyich tchaikovsky,Nostalgia-Golden-Strings-of-iPalpiti-10th-Anniversay/05-String_Sextet_in_D_Minor_Souvenir_De_Florence_Op70_II_Adagio.m4a,/Users/keita-katsumi/Dropbox/Academic/CalPolyPomona/Thesis/CPP-graduate-thesis/CS6960/src/pseudo-tag/data/wav/track_188_String_Sextet_in_D_Minor_Souvenir_De_Florence__Op__70__II__Adagio.wav,0.3592,0.3383,0,0,1,0,,,
189,"Prelude in E Flat, Op. 23: No. 6","Nostalgia Golden Strings of iPalpiti, 10th anniversary",Rachmaninov,rachmaninov,Nostalgia-Golden-Strings-of-iPalpiti-10th-Anniversay/06-Prelude_in_E_Flat_Op23_No6.m4a,/Users/keita-katsumi/Dropbox/Academic/CalPolyPomona/Thesis/CPP-graduate-thesis/CS6960/src/pseudo-tag/data/wav/track_189_Prelude_in_E_Flat__Op__23__No__6.wav,0.4762,0.3444,0,0,1,0,,,
190,"Sinfonia Concertante, K. 364: II. Andante","Nostalgia Golden Strings of iPalpiti, 10th anniversary",Mozart,wolfgang amadeus mozart,Nostalgia-Golden-Strings-of-iPalpiti-10th-Anniversay/07-Sinfonia_Concertante_K364_II_Andante.m4a,/Users/keita-katsumi/Dropbox/Academic/CalPolyPomona/Thesis/CPP-graduate-thesis/CS6960/src/pseudo-tag/data/wav/track_190_Sinfonia_Concertante__K__364__II__Andante.wav,0.347,0.3606,0,1,0,0,,,
191,"Salute D'amour, Op. 12","Nostalgia Golden Strings of iPalpiti, 10th anniversary",Elgar,elgar,Nostalgia-Golden-Strings-of-iPalpiti-10th-Anniversay/08-Salute_Damour_Op12.m4a,/Users/keita-katsumi/Dropbox/Academic/CalPolyPomona/Thesis/CPP-graduate-thesis/CS6960/src/pseudo-tag/data/wav/track_191_Salute_D_amour__Op__12.wav,0.3672,0.2911,0,0,1,0,,,
192,Adagio in G Minor,"Nostalgia Golden Strings of iPalpiti, 10th anniversary",Albinoni,tomaso albinoni,Nostalgia-Golden-Strings-of-iPalpiti-10th-Anniversay/09-Adagio_in_G_Minor.m4a,/Users/keita-katsumi/Dropbox/Academic/CalPolyPomona/Thesis/CPP-graduate-thesis/CS6960/src/pseudo-tag/data/wav/track_192_Adagio_in_G_Minor.wav,0.3534,0.3501,0,1,1,0,,,
193,"Serenade for Strings, Op. 48: II. Walzer","Nostalgia Golden Strings of iPalpiti, 10th anniversary",Tchaikovsky,pyotr ilyich tchaikovsky,Nostalgia-Golden-Strings-of-iPalpiti-10th-Anniversay/10-Serenade_for_Strings_Op48_II_Walzer.m4a,/Users/keita-katsumi/Dropbox/Academic/CalPolyPomona/Thesis/CPP-graduate-thesis/CS6960/src/pseudo-tag/data/wav/track_193_Serenade_for_Strings__Op__48__II__Walzer.wav,0.4367,0.4291,1,0,0,0,,,
194,"Divertimento in D Major, K136: III. Presto","Nostalgia Golden Strings of iPalpiti, 10th anniversary",Mozart,wolfgang amadeus mozart,Nostalgia-Golden-Strings-of-iPalpiti-10th-Anniversay/11-Divertimento_in_D_Major_K136_III_Presto.m4a,/Users/keita-katsumi/Dropbox/Academic/CalPolyPomona/Thesis/CPP-graduate-thesis/CS6960/src/pseudo-tag/data/wav/track_194_Divertimento_in_D_Major__K136__III__Presto.wav,0.4905,0.4684,1,0,0,0,,,
195,Prelude and Scherzo Op. 11: I. Prelude,The Soul of Russia,Dmitri Shostakovich,dmitri shostakovich,The-Soul-of-Russia/01-Prelude_and_Scherzo_Op11_I_Prelude.m4a,/Users/keita-katsumi/Dropbox/Academic/CalPolyPomona/Thesis/CPP-graduate-thesis/CS6960/src/pseudo-tag/data/wav/track_195_Prelude_and_Scherzo_Op__11__I__Prelude.wav,0.2854,0.3768,0,1,0,0,,,
196,Prelude and Scherzo Op. 11: II. Scherzo,The Soul of Russia,Dmitri Shostakovich,dmitri shostakovich,The-Soul-of-Russia/02-Prelude_and_Scherzo_Op11_II_Scherzo.m4a,/Users/keita-katsumi/Dropbox/Academic/CalPolyPomona/Thesis/CPP-graduate-thesis/CS6960/src/pseudo-tag/data/wav/track_196_Prelude_and_Scherzo_Op__11__II__Scherzo.wav,0.4379,0.5126,1,0,0,0,,,
197,"Piano Concerto No. 1 in C Minor, Op. 35: I. Allegro Moderato",The Soul of Russia,Dmitri Shostakovich,dmitri shostakovich,The-Soul-of-Russia/03-Piano_Concerto_No1_in_C_Minor_Op35_I_Allegro_Moderato.m4a,/Users/keita-katsumi/Dropbox/Academic/CalPolyPomona/Thesis/CPP-graduate-thesis/CS6960/src/pseudo-tag/data/wav/track_197_Piano_Concerto_No__1_in_C_Minor__Op__35__I__Allegro_Moderato.wav,0.4699,0.4154,0,0,0,0,,,
198,"Piano Concerto No. 1 in C Minor, Op. 35: II. Lento",The Soul of Russia,Dmitri Shostakovich,dmitri shostakovich,The-Soul-of-Russia/04-Piano_Concerto_No1_in_C_Minor_Op35_II_Lento.m4a,/Users/keita-katsumi/Dropbox/Academic/CalPolyPomona/Thesis/CPP-graduate-thesis/CS6960/src/pseudo-tag/data/wav/track_198_Piano_Concerto_No__1_in_C_Minor__Op__35__II__Lento.wav,0.3335,0.2886,0,1,1,0,,,
199,"Piano Concerto No. 1 in C Minor, Op. 35: III. Moderato - Allegro Brio",The Soul of Russia,Dmitri Shostakovich,dmitri shostakovich,The-Soul-of-Russia/05-Piano_Concerto_No1_in_C_Minor_Op35_III_Moderato_Allegro_Brio.m4a,/Users/keita-katsumi/Dropbox/Academic/CalPolyPomona/Thesis/CPP-graduate-thesis/CS6960/src/pseudo-tag/data/wav/track_199_Piano_Concerto_No__1_in_C_Minor__Op__35__III__Moderato_-_Allegro_Brio.wav,0.4936,0.4626,1,0,0,0,,,
200,Serenade for Strings Op. 48: I. Pezzo in Forma Di Sonatina,The Soul of Russia,Peter I. Tchaikovsky,pyotr ilyich tchaikovsky,The-Soul-of-Russia/06-Serenade_for_Strings_Op48_I_Pezzo_in_Forma_Di_Sonatina.m4a,/Users/keita-katsumi/Dropbox/Academic/CalPolyPomona/Thesis/CPP-graduate-thesis/CS6960/src/pseudo-tag/data/wav/track_200_Serenade_for_Strings_Op__48__I__Pezzo_in_Forma_Di_Sonatina.wav,0.5144,0.4501,1,0,0,0,,,
201,Serenade for Strings Op. 48: II. Walzer,The Soul of Russia,Peter I. Tchaikovsky,pyotr ilyich tchaikovsky,The-Soul-of-Russia/07-Serenade_for_Strings_Op48_II_Walzer.m4a,/Users/keita-katsumi/Dropbox/Academic/CalPolyPomona/Thesis/CPP-graduate-thesis/CS6960/src/pseudo-tag/data/wav/track_201_Serenade_for_Strings_Op__48__II__Walzer.wav,0.423,0.4152,0,0,0,0,,,
202,Serenade for Strings Op. 48: III. Elegie,The Soul of Russia,Peter I. Tchaikovsky,pyotr ilyich tchaikovsky,The-Soul-of-Russia/08-Serenade_for_Strings_Op48_III_Elegie.m4a,/Users/keita-katsumi/Dropbox/Academic/CalPolyPomona/Thesis/CPP-graduate-thesis/CS6960/src/pseudo-tag/data/wav/track_202_Serenade_for_Strings_Op__48__III__Elegie.wav,0.2936,0.3189,0,1,1,0,,,
203,Serenade for Strings Op. 48: IV. Finale,The Soul of Russia,Peter I. Tchaikovsky,pyotr ilyich tchaikovsky,The-Soul-of-Russia/09-Serenade_for_Strings_Op48_IV_Finale.m4a,/Users/keita-katsumi/Dropbox/Academic/CalPolyPomona/Thesis/CPP-graduate-thesis/CS6960/src/pseudo-tag/data/wav/track_203_Serenade_for_Strings_Op__48__IV__Finale.wav,0.4638,0.4736,1,0,0,0,,,
204,Elegie,The Soul of Russia,Peter I. Tchaikovsky,pyotr ilyich tchaikovsky,The-Soul-of-Russia/10-Elegie.m4a,/Users/keita-katsumi/Dropbox/Academic/CalPolyPomona/Thesis/CPP-graduate-thesis/CS6960/src/pseudo-tag/data/wav/track_204_Elegie.wav,0.3482,0.3695,0,1,0,0,,,
1,Chacony for Strings in g minor,iPalpiti Orchestral Ensemble of International Laureates - Festival 2001,Henry Purcell,henry purcell,I-Palpiti-Orchestral-Ensemble-of-International-Laureates-Festival-2001/01-Chacony_for_Strings_in_g_minor.m4a,/Users/keita-katsumi/Dropbox/Academic/CalPolyPomona/Thesis/CPP-graduate-thesis/CS6960/src/pseudo-tag/data/wav/track_1_Chacony_for_Strings_in_g_minor.wav,0.3386,0.3169,0,1,1,0,,,
2,Tempo di Ciaccona for Strings,iPalpiti Orchestral Ensemble of International Laureates - Festival 2001,Bela Bartok,bela bartok,I-Palpiti-Orchestral-Ensemble-of-International-Laureates-Festival-2001/02-Tempo_di_Ciaccona_for_Strings.m4a,/Users/keita-katsumi/Dropbox/Academic/CalPolyPomona/Thesis/CPP-graduate-thesis/CS6960/src/pseudo-tag/data/wav/track_2_Tempo_di_Ciaccona_for_Strings.wav,0.3179,0.3511,0,1,1,0,,,
3,"Chaconne for violin, organ and strings",iPalpiti Orchestral Ensemble of International Laureates - Festival 2001,Tommaso Antonio Vitali,tommaso antonio vitali,I-Palpiti-Orchestral-Ensemble-of-International-Laureates-Festival-2001/03-Chaconne_for_violin_organ_and_strings.m4a,/Users/keita-katsumi/Dropbox/Academic/CalPolyPomona/Thesis/CPP-graduate-thesis/CS6960/src/pseudo-tag/data/wav/track_3_Chaconne_for_violin__organ_and_strings.wav,0.3791,0.393,0,0,0,1,,,
4,Verklärte Nacht Op. 4,iPalpiti Orchestral Ensemble of International Laureates - Festival 2001,Arnold Schoenberg,arnold schoenberg,I-Palpiti-Orchestral-Ensemble-of-International-Laureates-Festival-2001/04-Verklarte_Nacht_Op_4.m4a,/Users/keita-katsumi/Dropbox/Academic/CalPolyPomona/Thesis/CPP-graduate-thesis/CS6960/src/pseudo-tag/data/wav/track_4_Verklärte_Nacht_Op__4.wav,0.3056,0.3426,0,1,1,0,,,
5,Adagio in g minor,iPalpiti Orchestral Ensemble of International Laureates - Festival 2001,Tomaso Albinoni,tomaso albinoni,I-Palpiti-Orchestral-Ensemble-of-International-Laureates-Festival-2001/05-Adagio_in_g_minor.m4a,/Users/keita-katsumi/Dropbox/Academic/CalPolyPomona/Thesis/CPP-graduate-thesis/CS6960/src/pseudo-tag/data/wav/track_5_Adagio_in_g_minor.wav,0.3512,0.3515,0,1,1,0,,,
44,Chaconne,iPalpiti Ensemble,Tomaso Vitali,tommaso antonio vitali,I-Palpiti-Ensemble/01-Chaconne.m4a,/Users/keita-katsumi/Dropbox/Academic/CalPolyPomona/Thesis/CPP-graduate-thesis/CS6960/src/pseudo-tag/data/wav/track_44_Chaconne.wav,0.3905,0.3487,0,0,1,0,,,
45,"Piano Concerto No. 1 in C minor, Op. 35: Allegro",iPalpiti Ensemble,Dmitri Shostakovich,dmitri shostakovich,I-Palpiti-Ensemble/02-Piano_Concerto_No.1_in_C_minor_Op.35_Allegro.m4a,/Users/keita-katsumi/Dropbox/Academic/CalPolyPomona/Thesis/CPP-graduate-thesis/CS6960/src/pseudo-tag/data/wav/track_45_Piano_Concerto_No__1_in_C_minor__Op__35__Allegro.wav,0.4832,0.4137,0,0,0,0,,,
46,"Piano Concerto No. 1 in C minor, Op. 35: Lento",iPalpiti Ensemble,Dmitri Shostakovich,dmitri shostakovich,I-Palpiti-Ensemble/03-Piano_Concerto_No.1_in_C_minor_Op.35_Piano_Lento.m4a,/Users/keita-katsumi/Dropbox/Academic/CalPolyPomona/Thesis/CPP-graduate-thesis/CS6960/src/pseudo-tag/data/wav/track_46_Piano_Concerto_No__1_in_C_minor__Op__35__Lento.wav,0.36,0.3011,0,0,1,0,,,
47,"Piano Concerto No. 1 in C minor, Op. 35: Moderato",iPalpiti Ensemble,Dmitri Shostakovich,dmitri shostakovich,I-Palpiti-Ensemble/04-Piano_Concerto_No.1_in_C_minor_Op.35_Piano_Moderato.m4a,/Users/keita-katsumi/Dropbox/Academic/CalPolyPomona/Thesis/CPP-graduate-thesis/CS6960/src/pseudo-tag/data/wav/track_47_Piano_Concerto_No__1_in_C_minor__Op__35__Moderato.wav,0.4082,0.3611,0,0,0,0,,,
48,"Piano Concerto No. 1 in C minor, Op. 35: Allegro Brio",iPalpiti Ensemble,Dmitri Shostakovich,dmitri shostakovich,I-Palpiti-Ensemble/05-Piano_Concerto_No.1_in_C_minor_Op.35_Piano_Allegro_Brio.m4a,/Users/keita-katsumi/Dropbox/Academic/CalPolyPomona/Thesis/CPP-graduate-thesis/CS6960/src/pseudo-tag/data/wav/track_48_Piano_Concerto_No__1_in_C_minor__Op__35__Allegro_Brio.wav,0.6006,0.5139,1,0,0,0,,,
49,Death and the Maiden: Allegro,iPalpiti Ensemble,Franz Schubert,franz schubert,I-Palpiti-Ensemble/06-Death_and_the_Maiden_Allegro.m4a,/Users/keita-katsumi/Dropbox/Academic/CalPolyPomona/Thesis/CPP-graduate-thesis/CS6960/src/pseudo-tag/data/wav/track_49_Death_and_the_Maiden__Allegro.wav,0.3891,0.3691,0,0,0,1,,,
50,Death and the Maiden: Andante con moto,iPalpiti Ensemble,Franz Schubert,franz schubert,I-Palpiti-Ensemble/07-Death_and_the_Maiden_Andante_con_moto.m4a,/Users/keita-katsumi/Dropbox/Academic/CalPolyPomona/Thesis/CPP-graduate-thesis/CS6960/src/pseudo-tag/data/wav/track_50_Death_and_the_Maiden__Andante_con_moto.wav,0.3443,0.3109,0,1,1,0,,,
51,Death and the Maiden: Scherzo: allegro molto,iPalpiti Ensemble,Franz Schubert,franz schubert,I-Palpiti-Ensemble/08-Death_and_the_Maiden_allegro_molto.m4a,/Users/keita-katsumi/Dropbox/Academic/CalPolyPomona/Thesis/CPP-graduate-thesis/CS6960/src/pseudo-tag/data/wav/track_51_Death_and_the_Maiden__Scherzo__allegro_molto.wav,0.45,0.3593,0,0,0,0,,,
52,Death and the Maiden: Presto,iPalpiti Ensemble,Franz Schubert,franz schubert,I-Palpiti-Ensemble/09-Death_and_the_Maiden_Presto.m4a,/Users/keita-katsumi/Dropbox/Academic/CalPolyPomona/Thesis/CPP-graduate-thesis/CS6960/src/pseudo-tag/data/wav/track_52_Death_and_the_Maiden__Presto.wav,0.4939,0.4212,1,0,0,0,,,
73,Souvenir De Florence - Allegro Con Spirito,iPalpiti Soloists (Disc 1),Peter I. Tchaikovsky,pyotr ilyich tchaikovsky,I-PALPITI-Soloists/01-Souvenir_De_Florence_Allegro_Con_Spirito.m4a,/Users/keita-katsumi/Dropbox/Academic/CalPolyPomona/Thesis/CPP-graduate-thesis/CS6960/src/pseudo-tag/data/wav/track_73_Souvenir_De_Florence_-_Allegro_Con_Spirito.wav,0.5023,0.4207,1,0,0,0,,,
74,Souvenir De Florence - Adagio Cantabile E Con Moto,iPalpiti Soloists (Disc 1),Peter I. Tchaikovsky,pyotr ilyich tchaikovsky,I-PALPITI-Soloists/02-Souvenir_De_Florence_Adagio_Cantabile_E_Con_Moto.m4a,/Users/keita-katsumi/Dropbox/Academic/CalPolyPomona/Thesis/CPP-graduate-thesis/CS6960/src/pseudo-tag/data/wav/track_74_Souvenir_De_Florence_-_Adagio_Cantabile_E_Con_Moto.wav,0.3469,0.3401,0,1,1,0,,,
75,Souvenir De Florence - Adagio Continues And Allegro Moderato,iPalpiti Soloists (Disc 1),Peter I. Tchaikovsky,pyotr ilyich tchaikovsky,I-PALPITI-Soloists/03-Souvenir_De_Florence_Adagio_Continues_And_Allegro_Moderato.m4a,/Users/keita-katsumi/Dropbox/Academic/CalPolyPomona/Thesis/CPP-graduate-thesis/CS6960/src/pseudo-tag/data/wav/track_75_Souvenir_De_Florence_-_Adagio_Continues_And_Allegro_Moderato.wav,0.4448,0.402,0,0,0,0,,,
76,Souvenir De Florence - Alegro Vivace,iPalpiti Soloists (Disc 1),Peter I. Tchaikovsky,pyotr ilyich tchaikovsky,I-PALPITI-Soloists/04-Souvenir_De_Florence_Alegro_Vivace.m4a,/Users/keita-katsumi/Dropbox/Academic/CalPolyPomona/Thesis/CPP-graduate-thesis/CS6960/src/pseudo-tag/data/wav/track_76_Souvenir_De_Florence_-_Alegro_Vivace.wav,0.5523,0.473,1,0,0,0,,,
77,"Prelude In B Minor, Op. 32 No. 10",iPalpiti Soloists (Disc 2),Sergei Rachmaninov,sergei rachmaninov,I-PALPITI-Soloists/01-Prelude_In_B_Minor_Op32_No10.m4a,/Users/keita-katsumi/Dropbox/Academic/CalPolyPomona/Thesis/CPP-graduate-thesis/CS6960/src/pseudo-tag/data/wav/track_77_Prelude_In_B_Minor__Op__32_No__10.wav,0.4021,0.2853,0,0,1,0,,,
78,"Prelude In E Flat, Op. 23 No. 6",iPalpiti Soloists (Disc 2),Sergei Rachmaninov,sergei rachmaninov,I-PALPITI-Soloists/02-Prelude_In_E_Flat_Op23_No6.m4a,/Users/keita-katsumi/Dropbox/Academic/CalPolyPomona/Thesis/CPP-graduate-thesis/CS6960/src/pseudo-tag/data/wav/track_78_Prelude_In_E_Flat__Op__23_No__6.wav,0.4654,0.3452,0,0,1,0,,,
79,Piano Quintet - Molto Moderato Quasi Lento - Allegro,iPalpiti Soloists (Disc 2),Cesar Franck,cesar franck,I-PALPITI-Soloists/03-Piano_Quintet_Molto_Moderato_Quasi_Lento_Allegro.m4a,/Users/keita-katsumi/Dropbox/Academic/CalPolyPomona/Thesis/CPP-graduate-thesis/CS6960/src/pseudo-tag/data/wav/track_79_Piano_Quintet_-_Molto_Moderato_Quasi_Lento_-_Allegro.wav,0.385,0.4113,0,0,0,0,,,
80,"Piano Quintet - Lento, Con Molto Sentimento",iPalpiti Soloists (Disc 2),Cesar Franck,cesar franck,I-PALPITI-Soloists/04-Piano_Quintet_Lento_Con_Molto_Sentimento.m4a,/Users/keita-katsumi/Dropbox/Academic/CalPolyPomona/Thesis/CPP-graduate-thesis/CS6960/src/pseudo-tag/data/wav/track_80_Piano_Quintet_-_Lento__Con_Molto_Sentimento.wav,0.3335,0.3459,0,1,1,0,,,
81,Piano Quintet - Allegro Non Troppo Ma Con Fuoco,iPalpiti Soloists (Disc 2),Cesar Franck,cesar franck,I-PALPITI-Soloists/05-Piano_Quintet_Allegro_Non_Troppo_Ma_Con_Fuoco.m4a,/Users/keita-katsumi/Dropbox/Academic/CalPolyPomona/Thesis/CPP-graduate-thesis/CS6960/src/pseudo-tag/data/wav/track_81_Piano_Quintet_-_Allegro_Non_Troppo_Ma_Con_Fuoco.wav,0.3731,0.4155,0,0,0,0,,,
82,"String Trio, Op. 9 No. 3 In C Minor - Allegro Con Spirito",iPalpiti Soloists (Disc 2),Ludvig van Beethoven,ludwig van beethoven,I-PALPITI-Soloists/06-String_Trio_Op9_No3_In_C_Minor_Allegro_Con_Spirito.m4a,/Users/keita-katsumi/Dropbox/Academic/CalPolyPomona/Thesis/CPP-graduate-thesis/CS6960/src/pseudo-tag/data/wav/track_82_String_Trio__Op__9_No__3_In_C_Minor_-_Allegro_Con_Spirito.wav,0.4308,0.3968,0,0,0,0,,,
83,"String Trio, Op. 9 No. 3 In C Minor - Adagio Con Espressione",iPalpiti Soloists (Disc 2),Ludvig van Beethoven,ludwig van beethoven,I-PALPITI-Soloists/07-String_Trio_Op9_No3_In_C_Minor_Adagio_Con_Espressione.m4a,/Users/keita-katsumi/Dropbox/Academic/CalPolyPomona/Thesis/CPP-graduate-thesis/CS6960/src/pseudo-tag/data/wav/track_83_String_Trio__Op__9_No__3_In_C_Minor_-_Adagio_Con_Espressione.wav,0.3945,0.3633,0,0,0,1,,,
84,"String Trio, Op. 9 No. 3 In C Minor - Scherzo, Allegro Molto E Vivace",iPalpiti Soloists (Disc 2),Ludvig van Beethoven,ludwig van beethoven,I-PALPITI-Soloists/08-String_Trio_Op9_No3_In_C_Minor_Scherzo_Allegro_Molto_E_Vivace.m4a,/Users/keita-katsumi/Dropbox/Academic/CalPolyPomona/Thesis/CPP-graduate-thesis/CS6960/src/pseudo-tag/data/wav/track_84_String_Trio__Op__9_No__3_In_C_Minor_-_Scherzo__Allegro_Molto_E_Vivace.wav,0.4952,0.4323,1,0,0,0,,,
85,"String Trio, Op. 9 No. 3 In C Minor - Finale, Presto",iPalpiti Soloists (Disc 2),Ludvig van Beethoven,ludwig van beethoven,I-PALPITI-Soloists/09-String_Trio_Op9_No3_In_C_Minor_Finale_Presto.m4a,/Users/keita-katsumi/Dropbox/Academic/CalPolyPomona/Thesis/CPP-graduate-thesis/CS6960/src/pseudo-tag/data/wav/track_85_String_Trio__Op__9_No__3_In_C_Minor_-_Finale__Presto.wav,0.454,0.4193,1,0,0,0,,,
174,Prelude a L'unisson,iPalpiti Chamber Orchestra LIVE! (Disc I),George Enescu,george enescu,I-Palpiti-Chamber-Orchestra-LIVE/01-Prelude_a_Lunisson.m4a,/Users/keita-katsumi/Dropbox/Academic/CalPolyPomona/Thesis/CPP-graduate-thesis/CS6960/src/pseudo-tag/data/wav/track_174_Prelude_a_L_unisson.wav,0.2605,0.3546,0,1,0,0,,,
175,Kaddish for Viola and String Orchestra,iPalpiti Chamber Orchestra LIVE! (Disc I),Mark Kopytman,mark kopytman,I-Palpiti-Chamber-Orchestra-LIVE/02-Kaddish_for_Viola_and_String_Orchestra.m4a,/Users/keita-katsumi/Dropbox/Academic/CalPolyPomona/Thesis/CPP-graduate-thesis/CS6960/src/pseudo-tag/data/wav/track_175_Kaddish_for_Viola_and_String_Orchestra.wav,0.2796,0.3159,0,1,1,0,,,
176,Intermezzo,iPalpiti Chamber Orchestra LIVE! (Disc I),George Gershwin,george gershwin,I-Palpiti-Chamber-Orchestra-LIVE/03-Intermezzo.m4a,/Users/keita-katsumi/Dropbox/Academic/CalPolyPomona/Thesis/CPP-graduate-thesis/CS6960/src/pseudo-tag/data/wav/track_176_Intermezzo.wav,0.2839,0.2687,0,1,1,0,,,
177,Serenade for Strings Op. 48 Pezzo,iPalpiti Chamber Orchestra LIVE! (Disc I),P.I. Tchaikovsky,pyotr ilyich tchaikovsky,I-Palpiti-Chamber-Orchestra-LIVE/04-Serenade_for_Strings_Op48_Pezzo.m4a,/Users/keita-katsumi/Dropbox/Academic/CalPolyPomona/Thesis/CPP-graduate-thesis/CS6960/src/pseudo-tag/data/wav/track_177_Serenade_for_Strings_Op__48_Pezzo.wav,0.5197,0.4359,1,0,0,0,,,
178,Serenade for Strings Op. 48 Walzer,iPalpiti Chamber Orchestra LIVE! (Disc I),P.I. Tchaikovsky,pyotr ilyich tchaikovsky,I-Palpiti-Chamber-Orchestra-LIVE/05-Serenade_for_Strings_Op48_Walzer.m4a,/Users/keita-katsumi/Dropbox/Academic/CalPolyPomona/Thesis/CPP-graduate-thesis/CS6960/src/pseudo-tag/data/wav/track_178_Serenade_for_Strings_Op__48_Walzer.wav,0.4507,0.4177,1,0,0,0,,,
179,Serenade for Strings Op. 48 Elegie,iPalpiti Chamber Orchestra LIVE! (Disc I),P.I. Tchaikovsky,pyotr ilyich tchaikovsky,I-Palpiti-Chamber-Orchestra-LIVE/06-Serenade_for_Strings_Op48_Elegie.m4a,/Users/keita-katsumi/Dropbox/Academic/CalPolyPomona/Thesis/CPP-graduate-thesis/CS6960/src/pseudo-tag/data/wav/track_179_Serenade_for_Strings_Op__48_Elegie.wav,0.2916,0.317,0,1,1,0,,,
180,Serenade for Strings Op. 48 Finale,iPalpiti Chamber Orchestra LIVE! (Disc I),P.I. Tchaikovsky,pyotr ilyich tchaikovsky,I-Palpiti-Chamber-Orchestra-LIVE/07-Serenade_for_Strings_Op48_Finale.m4a,/Users/keita-katsumi/Dropbox/Academic/CalPolyPomona/Thesis/CPP-graduate-thesis/CS6960/src/pseudo-tag/data/wav/track_180_Serenade_for_Strings_Op__48_Finale.wav,0.4995,0.452,1,0,0,0,,,
181,Sinfonia Concertante Allegro Maestoso,iPalpiti Chamber Orchestra LIVE! (Disc II),W. A. Mozart,wolfgang amadeus mozart,I-Palpiti-Chamber-Orchestra-LIVE/01-Sinfonia_Concertante_Allegro_Maestoso.m4a,/Users/keita-katsumi/Dropbox/Academic/CalPolyPomona/Thesis/CPP-graduate-thesis/CS6960/src/pseudo-tag/data/wav/track_181_Sinfonia_Concertante_Allegro_Maestoso.wav,0.4282,0.4067,0,0,0,0,,,
182,Sinfonia Concertante Andante,iPalpiti Chamber Orchestra LIVE! (Disc II),W. A. Mozart,wolfgang amadeus mozart,I-Palpiti-Chamber-Orchestra-LIVE/02-Sinfonia_Concertante_Andante.m4a,/Users/keita-katsumi/Dropbox/Academic/CalPolyPomona/Thesis/CPP-graduate-thesis/CS6960/src/pseudo-tag/data/wav/track_182_Sinfonia_Concertante_Andante.wav,0.3584,0.3818,0,1,0,0,,,
183,Sinfonia Concertante Presto,iPalpiti Chamber Orchestra LIVE! (Disc II),W. A. Mozart,wolfgang amadeus mozart,I-Palpiti-Chamber-Orchestra-LIVE/03-Sinfonia_Concertante_Presto.m4a,/Users/keita-katsumi/Dropbox/Academic/CalPolyPomona/Thesis/CPP-graduate-thesis/CS6960/src/pseudo-tag/data/wav/track_183_Sinfonia_Concertante_Presto.wav,0.4628,0.3656,0,0,0,0,,,
